fullName,owner,name,stars,inDeg,pagerank,daysSinceUpdate,latestToolchain,repoUrl,composite_rank
leanprover-community/mathlib,leanprover-community,mathlib,3235,383,0.04255171994032656,15,leanprover/lean4:v4.30.0-rc2,https://github.com/leanprover-community/mathlib4,1.6666666666666667
leanprover-community/batteries,leanprover-community,batteries,376,379,0.08206952483222439,15,leanprover/lean4:v4.30.0-rc2,https://github.com/leanprover-community/batteries,5.0
leanprover/cslib,leanprover,cslib,517,4,0.0011347036803733375,15,leanprover/lean4:v4.30.0-rc2,https://github.com/leanprover/cslib,17.333333333333332
google-deepmind/formal_conjectures,google-deepmind,formal_conjectures,947,2,0.0010121542186061388,15,leanprover/lean4:v4.27.0,https://github.com/google-deepmind/formal-conjectures,20.0
ulfjack/ryu,ulfjack,ryu,1335,0,0.0008650948644855007,15,leanprover/lean4:v4.27.0-rc1,https://github.com/ulfjack/ryu,30.666666666666668
leanprover/doc-gen4,leanprover,doc-gen4,146,61,0.005402198382485416,16,leanprover/lean4:v4.30.0-rc2,https://github.com/leanprover/doc-gen4,30.666666666666668
leanprover-community/Physlib,leanprover-community,Physlib,555,1,0.0009141146491923801,15,leanprover/lean4:v4.29.1,https://github.com/leanprover-community/physlib,30.666666666666668
ImperialCollegeLondon/FLT,ImperialCollegeLondon,FLT,874,0,0.0008650948644855007,15,leanprover/lean4:v4.30.0-rc2,https://github.com/ImperialCollegeLondon/FLT,31.666666666666668
AlexKontorovich/PrimeNumberTheoremAnd,AlexKontorovich,PrimeNumberTheoremAnd,292,1,0.0009216561545318999,15,leanprover/lean4:v4.28.0,https://github.com/AlexKontorovich/PrimeNumberTheoremAnd,34.0
leanprover-community/aesop,leanprover-community,aesop,360,374,0.036940299380871254,17,leanprover/lean4:v4.30.0-rc2,https://github.com/leanprover-community/aesop,34.0
leanprover-community/Qq,leanprover-community,Qq,104,372,0.036471230915145876,16,leanprover/lean4:v4.30.0-rc2,https://github.com/leanprover-community/quote4,35.0
dwrensha/compfiles,dwrensha,compfiles,243,0,0.0008650948644855007,15,leanprover/lean4:v4.30.0-rc2,https://github.com/dwrensha/compfiles,37.333333333333336
leanprover-community/proofwidgets,leanprover-community,proofwidgets,201,373,0.03741662654820581,17,leanprover/lean4:v4.30.0-rc2,https://github.com/leanprover-community/ProofWidgets4,38.333333333333336
leanprover/verso,leanprover,verso,319,9,0.002241155502158301,17,leanprover/lean4:v4.30.0-rc2,https://github.com/leanprover/verso,39.666666666666664
verse-lab/Loom,verse-lab,Loom,143,1,0.0009319400254494272,15,leanprover/lean4:v4.24.0,https://github.com/verse-lab/loom,40.0
leanprover-community/iris-lean,leanprover-community,iris-lean,176,0,0.0008650948644855007,15,,https://github.com/leanprover-community/iris-lean,40.666666666666664
lean-dojo/LeanCopilot,lean-dojo,LeanCopilot,1268,2,0.0013062729268474155,17,leanprover/lean4:v4.28.0,https://github.com/lean-dojo/LeanCopilot,41.0
strata-org/Strata,strata-org,Strata,160,0,0.0008650948644855007,15,leanprover/lean4:v4.29.1,https://github.com/strata-org/Strata,41.333333333333336
Verified-zkEVM/VCVio,Verified-zkEVM,VCVio,91,2,0.000984580589708519,15,leanprover/lean4:v4.29.0,https://github.com/Verified-zkEVM/VCV-io,42.666666666666664
teorth/Analysis,teorth,Analysis,1686,0,0.0008650948644855007,16,leanprover/lean4:v4.29.0-rc8,https://github.com/teorth/analysis,44.0
Verified-zkEVM/Clean,Verified-zkEVM,Clean,134,0,0.0008650948644855007,15,leanprover/lean4:v4.28.0,https://github.com/Verified-zkEVM/clean,44.0
teorth/equational_theories,teorth,equational_theories,516,0,0.0008650948644855007,16,leanprover/lean4:v4.20.1,https://github.com/teorth/equational_theories,46.666666666666664
lecopivo/scilean,lecopivo,scilean,496,0,0.0008650948644855007,16,leanprover/lean4:v4.28.0-rc1,https://github.com/lecopivo/SciLean,47.333333333333336
leanprover-community/Game,leanprover-community,Game,315,0,0.0008650948644855007,16,leanprover/lean4:v4.23.0,https://github.com/leanprover-community/NNG4,49.0
leanprover/sampcert,leanprover,sampcert,97,0,0.0008650948644855007,15,leanprover/lean4:v4.29.0,https://github.com/leanprover/SampCert,50.333333333333336
input-output-hk/Blaster,input-output-hk,Blaster,41,1,0.001600391635088692,15,leanprover/lean4:v4.24.0,https://github.com/input-output-hk/Lean-blaster,51.0
opencompl/SSA,opencompl,SSA,231,0,0.0008650948644855007,16,leanprover/lean4:nightly-2025-12-01,https://github.com/opencompl/lean-mlir,51.333333333333336
ufmg-smite/smt,ufmg-smite,smt,285,5,0.0014829484008951268,18,leanprover/lean4:v4.29.0,https://github.com/ufmg-smite/lean-smt,52.0
siddhartha-gadgil/leanaide,siddhartha-gadgil,leanaide,116,1,0.0009386245415458198,16,leanprover/lean4:v4.28.0,https://github.com/siddhartha-gadgil/LeanAide,53.333333333333336
Verified-zkEVM/Arklib,Verified-zkEVM,Arklib,189,0,0.0008650948644855007,16,leanprover/lean4:v4.29.0,https://github.com/Verified-zkEVM/ArkLib,53.333333333333336
digama0/lean4lean,digama0,lean4lean,182,0,0.0008650948644855007,16,leanprover/lean4:v4.29.0,https://github.com/digama0/lean4lean,53.666666666666664
thefundamentaltheor3m/SpherePacking,thefundamentaltheor3m,SpherePacking,85,0,0.0008650948644855007,15,leanprover/lean4:v4.29.0,https://github.com/thefundamentaltheor3m/Sphere-Packing-Lean,54.0
leanprover-community/auto,leanprover-community,auto,169,12,0.002280601221069549,19,leanprover/lean4:v4.29.0,https://github.com/leanprover-community/lean-auto,55.0
FormalizedFormalLogic/Foundation,FormalizedFormalLogic,Foundation,226,2,0.0010111423681709573,17,leanprover/lean4:v4.29.0,https://github.com/FormalizedFormalLogic/Foundation,55.0
lean-ja/Lean by Example,lean-ja,Lean by Example,156,0,0.0008650948644855007,16,leanprover/lean4:v4.30.0-rc1,https://github.com/lean-ja/lean-by-example,55.333333333333336
leanprover/KLR,leanprover,KLR,49,1,0.0009570069608108995,15,leanprover/lean4:v4.23.0,https://github.com/leanprover/KLR,58.0
PatrickMassot/verbose,PatrickMassot,verbose,128,0,0.0008650948644855007,16,leanprover/lean4:v4.27.0,https://github.com/PatrickMassot/verbose-lean4,58.0
leanprover-community/mil,leanprover-community,mil,503,0,0.0008650948644855007,17,leanprover/lean4:v4.21.0,https://github.com/leanprover-community/mathematics_in_lean,60.333333333333336
leanprover/verso-manual,leanprover,verso-manual,110,0,0.0008650948644855007,16,leanprover/lean4:v4.30.0-rc2,https://github.com/leanprover/reference-manual,60.666666666666664
sdiehl/ZeroToQED,sdiehl,ZeroToQED,107,0,0.0008650948644855007,16,leanprover/lean4:v4.28.0,https://github.com/sdiehl/zero-to-qed,61.333333333333336
b-mehta/FormalisingMathematics2026,b-mehta,FormalisingMathematics2026,104,0,0.0008650948644855007,16,leanprover/lean4:v4.26.0,https://github.com/b-mehta/formalising-mathematics-notes,62.333333333333336
optsuite/optlib,optsuite,optlib,98,0,0.0008650948644855007,16,leanprover/lean4:v4.13.0,https://github.com/optsuite/optlib,63.666666666666664
fpvandoorn/carleson,fpvandoorn,carleson,90,0,0.0008650948644855007,16,leanprover/lean4:v4.29.1,https://github.com/fpvandoorn/carleson,65.66666666666667
Paper-Proof/paperproof,Paper-Proof,paperproof,517,1,0.0009386245415458198,20,leanprover/lean4:v4.29.0-rc8,https://github.com/Paper-Proof/paperproof,66.0
marcusrossel/egg,marcusrossel,egg,86,0,0.0008650948644855007,16,leanprover/lean4:v4.23.0,https://github.com/marcusrossel/lean-egg,67.33333333333333
leanprover-community/mathport,leanprover-community,mathport,45,0,0.0008650948644855007,15,leanprover/lean4:v4.10.0-rc2,https://github.com/leanprover-community/mathport,69.0
leanprover-community/plausible,leanprover-community,plausible,87,323,0.032560124485175625,21,leanprover/lean4:v4.30.0-rc2,https://github.com/leanprover-community/plausible,70.0
argumentcomputer/ix,argumentcomputer,ix,71,0,0.0008650948644855007,16,leanprover/lean4:v4.29.0,https://github.com/argumentcomputer/ix,71.66666666666667
verified-optimization/CvxLean,verified-optimization,CvxLean,71,0,0.0008650948644855007,16,leanprover/lean4:v4.8.0-rc1,https://github.com/verified-optimization/CvxLean,71.66666666666667
Verified-zkEVM/CompPoly,Verified-zkEVM,CompPoly,38,1,0.0009110509126482001,15,leanprover/lean4:v4.29.0,https://github.com/Verified-zkEVM/CompPoly,72.33333333333333
SrGaabriel/soma-workspace,SrGaabriel,soma-workspace,68,0,0.0008650948644855007,16,leanprover/lean4:v4.30.0-rc2,https://github.com/SrGaabriel/soma,73.0
leanprover-community/Duper,leanprover-community,Duper,110,5,0.0012994294746869672,21,leanprover/lean4:v4.29.0,https://github.com/leanprover-community/duper,74.33333333333333
leanprover/lean4export,leanprover,lean4export,33,1,0.0009110509126482001,15,leanprover/lean4:v4.30.0-rc2,https://github.com/leanprover/lean4export,75.66666666666667
lambdaclass/trzk,lambdaclass,trzk,33,0,0.0008650948644855007,15,leanprover/lean4:v4.26.0,https://github.com/lambdaclass/truth_research_zk,76.66666666666667
leanprover-community/lean4-metaprogramming-book,leanprover-community,lean4-metaprogramming-book,287,0,0.0008650948644855007,20,leanprover/lean4:v4.17.0-rc1,https://github.com/leanprover-community/lean4-metaprogramming-book,76.66666666666667
PatrickMassot/glimpseOfLean,PatrickMassot,glimpseOfLean,364,0,0.0008650948644855007,21,leanprover/lean4:v4.27.0,https://github.com/PatrickMassot/GlimpseOfLean,78.33333333333333
rahul3613/proofNet-lean4,rahul3613,proofNet-lean4,30,0,0.0008650948644855007,15,leanprover/lean4:v4.20.0,https://github.com/rahul3613/ProofNet-lean4,80.0
leanprover/Cli,leanprover,Cli,107,372,0.07734041814553602,26,leanprover/lean4:v4.30.0-rc2,https://github.com/leanprover/lean4-cli,80.33333333333333
loganrjmurphy/lib,loganrjmurphy,lib,128,0,0.0008650948644855007,19,leanprover/lean4:v4.19.0,https://github.com/loganrjmurphy/LeanEuclid,81.0
verse-lab/veil,verse-lab,veil,228,0,0.0008650948644855007,21,leanprover/lean4:v4.24.0,https://github.com/verse-lab/veil,82.0
JOSHCLUNE/Hammer,JOSHCLUNE,Hammer,87,4,0.0011106802907054746,21,leanprover/lean4:v4.29.0,https://github.com/JOSHCLUNE/LeanHammer,82.0
frenzymath/reap,frenzymath,reap,26,0,0.0008650948644855007,15,leanprover/lean4:v4.28.0-rc1,https://github.com/frenzymath/reap,82.66666666666667
ImperialCollegeLondon/formalising-mathematics-2024,ImperialCollegeLondon,formalising-mathematics-2024,251,0,0.0008650948644855007,22,leanprover/lean4:v4.5.0-rc1,https://github.com/ImperialCollegeLondon/formalising-mathematics-2024,85.33333333333333
fgdorais/Parser,fgdorais,Parser,78,5,0.0021362932722503104,23,leanprover/lean4:v4.30.0-rc2,https://github.com/fgdorais/lean4-parser,85.66666666666667
leanprover/leansqlite,leanprover,leansqlite,43,4,0.001920867868729936,19,leanprover/lean4:v4.30.0-rc2,https://github.com/leanprover/leansqlite,86.0
Seasawher/mathlib4-help,Seasawher,mathlib4-help,24,0,0.0008650948644855007,15,leanprover/lean4:v4.30.0-rc2,https://github.com/Seasawher/mathlib4-help,86.0
emilyriehl/InfinityCosmos,emilyriehl,InfinityCosmos,95,0,0.0008650948644855007,19,leanprover/lean4:v4.26.0-rc2,https://github.com/emilyriehl/infinity-cosmos,87.66666666666667
rzrn/GroundZero,rzrn,GroundZero,84,0,0.0008650948644855007,18,leanprover/lean4:v4.28.0,https://github.com/rzrn/ground_zero,87.66666666666667
sunblaze-ucb/verina,sunblaze-ucb,verina,61,0,0.0008650948644855007,17,leanprover/lean4:v4.18.0,https://github.com/sunblaze-ucb/verina,88.66666666666667
google-deepmind/imo,google-deepmind,imo,34,0,0.0008650948644855007,16,leanprover/lean4:v4.27.0,https://github.com/google-deepmind/formal-imo,89.0
nomeata/loogle,nomeata,loogle,137,1,0.0009386245415458198,23,leanprover/lean4:v4.30.0-rc1,https://github.com/nomeata/loogle,89.0
fgdorais/UnicodeBasic,fgdorais,UnicodeBasic,16,65,0.011819315455239756,16,leanprover/lean4:v4.30.0-rc2,https://github.com/fgdorais/lean4-unicode-basic,89.33333333333333
VCA-EPFL/graphiti,VCA-EPFL,graphiti,22,0,0.0008650948644855007,15,leanprover/lean4:v4.30.0-rc2,https://github.com/VCA-EPFL/graphiti,89.33333333333333
opencompl/fp-lean,opencompl,fp-lean,22,0,0.0008650948644855007,15,leanprover/lean4:nightly-2026-01-14,https://github.com/opencompl/fp-lean,89.33333333333333
teorth/expdb,teorth,expdb,74,0,0.0008650948644855007,18,leanprover/lean4:v4.27.0-rc1,https://github.com/teorth/expdb,90.33333333333333
leanprover-community/Project,leanprover-community,Project,104,0,0.0008650948644855007,21,leanprover/lean4:v4.28.0,https://github.com/leanprover-community/LeanProject,92.66666666666667
sinhp/hottlean,sinhp,hottlean,67,0,0.0008650948644855007,18,leanprover/lean4:v4.25.0-rc2,https://github.com/sinhp/HoTTLean,93.0
abdoo8080/cvc5,abdoo8080,cvc5,25,5,0.0012298113255162445,17,leanprover/lean4:v4.30.0-rc2,https://github.com/abdoo8080/lean-cvc5,94.66666666666667
wellecks/llmstep,wellecks,llmstep,150,0,0.0008650948644855007,24,leanprover/lean4:v4.1.0,https://github.com/wellecks/llmstep,96.66666666666667
Timeroot/quantumInfo,Timeroot,quantumInfo,126,0,0.0008650948644855007,23,leanprover/lean4:v4.28.0,https://github.com/Timeroot/Lean-QuantumInfo,97.33333333333333
teorth/PFR,teorth,PFR,216,0,0.0008650948644855007,25,leanprover/lean4:v4.28.0-rc1,https://github.com/teorth/pfr,97.33333333333333
leanprover/pantograph,leanprover,pantograph,62,0,0.0008650948644855007,19,leanprover/lean4:v4.29.1,https://github.com/leanprover/Pantograph,97.66666666666667
frenzymath/jixia,frenzymath,jixia,119,0,0.0008650948644855007,23,leanprover/lean4:v4.29.0,https://github.com/frenzymath/jixia,97.66666666666667
leanprover-community/flt-regular,leanprover-community,flt-regular,62,0,0.0008650948644855007,19,leanprover/lean4:v4.30.0-rc2,https://github.com/leanprover-community/flt-regular,97.66666666666667
mirefek/tactic-programming-beginner-guide,mirefek,tactic-programming-beginner-guide,74,0,0.0008650948644855007,20,leanprover/lean4:v4.30.0-rc2,https://github.com/mirefek/lean-tactic-programming-guide,97.66666666666667
argumentcomputer/LSpec,argumentcomputer,LSpec,76,8,0.0045296946084833235,29,leanprover/lean4:v4.29.0,https://github.com/argumentcomputer/LSpec,99.0
Verilean/sparkle,Verilean,sparkle,60,0,0.0008650948644855007,19,leanprover/lean4:v4.28.0,https://github.com/Verilean/sparkle,99.66666666666667
emilyriehl/Game,emilyriehl,Game,58,0,0.0008650948644855007,19,leanprover/lean4:v4.23.0,https://github.com/emilyriehl/ReintroductionToProofs,100.33333333333333
ATOMSLab/LeanLJ,ATOMSLab,LeanLJ,23,0,0.0008650948644855007,16,leanprover/lean4:v4.16.0-rc2,https://github.com/ATOMSLab/LeanLJ,101.0
chasenorman/Canonical,chasenorman,Canonical,113,0,0.0008650948644855007,24,leanprover/lean4:v4.29.0,https://github.com/chasenorman/CanonicalLean,101.33333333333333
cmu-l3/llmlean,cmu-l3,llmlean,207,0,0.0008650948644855007,27,leanprover/lean4:v4.23.0,https://github.com/cmu-l3/llmlean,101.33333333333333
m4lvin/pdl,m4lvin,pdl,16,0,0.0008650948644855007,15,leanprover/lean4:v4.28.0,https://github.com/m4lvin/lean4-pdl,101.66666666666667
tydeu/alloy,tydeu,alloy,85,3,0.003070985176295074,31,leanprover/lean4:v4.21.0,https://github.com/tydeu/lean4-alloy,102.33333333333333
hanwenzhu/LeanArchitect,hanwenzhu,LeanArchitect,44,2,0.0010031487753835158,21,leanprover/lean4:v4.30.0-rc2,https://github.com/hanwenzhu/LeanArchitect,103.66666666666667
JulsDE/MRiscX,JulsDE,MRiscX,20,0,0.0008650948644855007,16,leanprover/lean4:v4.29.0,https://github.com/JulsDE/MRiscX,106.0
apnelson1/Matroid,apnelson1,Matroid,15,0,0.0008650948644855007,15,leanprover/lean4:v4.29.0,https://github.com/apnelson1/Matroid,106.33333333333333
kmill/render,kmill,render,144,0,0.0008650948644855007,28,leanprover/lean4:v4.8.0-rc1,https://github.com/kmill/lean4-raytracer,107.33333333333333
ShangtongZhang/RL-Theory,ShangtongZhang,RL-Theory,48,0,0.0008650948644855007,20,leanprover/lean4:v4.28.0-rc1,https://github.com/ShangtongZhang/rl-theory-in-lean,107.66666666666667
leanprover/lnsym,leanprover,lnsym,101,0,0.0008650948644855007,25,leanprover/lean4:nightly-2024-10-07,https://github.com/leanprover/LNSym,108.33333333333333
project-numina/lib,project-numina,lib,37,0,0.0008650948644855007,19,leanprover/lean4:v4.15.0,https://github.com/project-numina/LeanGeo,110.66666666666667
GasStationManager/SafeVerify,GasStationManager,SafeVerify,45,1,0.0009386245415458198,22,leanprover/lean4:v4.27.0,https://github.com/GasStationManager/SafeVerify,110.66666666666667
auto-res/FoML,auto-res,FoML,17,0,0.0008650948644855007,16,leanprover/lean4:v4.27.0-rc1,https://github.com/auto-res/lean-rademacher,111.33333333333333
mrdouglasny/OSforGFF,mrdouglasny,OSforGFF,17,0,0.0008650948644855007,16,leanprover/lean4:v4.29.0,https://github.com/mrdouglasny/OSforGFF,111.33333333333333
brettkoonce/lean4-jax,brettkoonce,lean4-jax,13,0,0.0008650948644855007,15,leanprover/lean4:v4.30.0-rc2,https://github.com/brettkoonce/lean4-mlir,112.33333333333333
bergmannjg/Regex,bergmannjg,Regex,20,1,0.0010489190571362985,18,leanprover/lean4:v4.29.0,https://github.com/bergmannjg/regex,113.0
YaelDillies/APAP,YaelDillies,APAP,22,1,0.0009319400254494272,17,leanprover/lean4:v4.29.0,https://github.com/YaelDillies/apap,113.0
verse-lab/Velvet,verse-lab,Velvet,50,0,0.0008650948644855007,22,leanprover/lean4:v4.24.0,https://github.com/verse-lab/velvet,114.33333333333333
GaloisInc/zkLeanEcosystem,GaloisInc,zkLeanEcosystem,28,0,0.0008650948644855007,18,leanprover/lean4:v4.25.2,https://github.com/GaloisInc/zkLean,114.66666666666667
Seasawher/mdgen,Seasawher,mdgen,25,7,0.0028381411989373967,24,leanprover/lean4:v4.30.0-rc2,https://github.com/Seasawher/mdgen,114.66666666666667
dwrensha/animate,dwrensha,animate,88,0,0.0008650948644855007,27,leanprover/lean4:v4.26.0,https://github.com/dwrensha/animate-lean-proofs,114.66666666666667
mortarsanjaya/IMOSLLean4,mortarsanjaya,IMOSLLean4,25,0,0.0008650948644855007,18,leanprover/lean4:v4.30.0-rc2,https://github.com/mortarsanjaya/IMOSLLean4,116.33333333333333
yangky11/miniF2F-lean4,yangky11,miniF2F-lean4,75,0,0.0008650948644855007,26,leanprover/lean4:v4.24.0,https://github.com/yangky11/miniF2F-lean4,118.33333333333333
RemyDegenne/BrownianMotion,RemyDegenne,BrownianMotion,47,0,0.0008650948644855007,23,leanprover/lean4:v4.30.0-rc1,https://github.com/RemyDegenne/brownian-motion,119.66666666666667
Verified-zkEVM/EvmAsm,Verified-zkEVM,EvmAsm,11,0,0.0008650948644855007,15,leanprover/lean4:v4.30.0-rc1,https://github.com/Verified-zkEVM/evm-asm,121.66666666666667
acmepjz/Iwasawalib,acmepjz,Iwasawalib,14,0,0.0008650948644855007,16,leanprover/lean4:v4.30.0-rc1,https://github.com/acmepjz/lean-iwasawa,122.0
vihdzp/CombinatorialGames,vihdzp,CombinatorialGames,59,0,0.0008650948644855007,25,leanprover/lean4:v4.29.0,https://github.com/vihdzp/combinatorial-games,122.0
leanprover-community/tutorials4,leanprover-community,tutorials4,57,0,0.0008650948644855007,25,leanprover/lean4:v4.1.0-rc1,https://github.com/leanprover-community/tutorials4,122.66666666666667
sciencraft/LeanCat,sciencraft,LeanCat,25,0,0.0008650948644855007,20,leanprover/lean4:v4.19.0,https://github.com/sciencraft/LeanCat,123.66666666666667
model-checking/rust-lean-models,model-checking,rust-lean-models,33,0,0.0008650948644855007,22,leanprover/lean4:v4.11.0,https://github.com/model-checking/rust-lean-models,125.0
funexists/raylean,funexists,raylean,24,0,0.0008650948644855007,20,leanprover/lean4:v4.28.0,https://github.com/funexists/raylean,126.33333333333333
leanprover-community/importGraph,leanprover-community,importGraph,20,366,0.034903800286283405,27,leanprover/lean4:v4.30.0-rc2,https://github.com/leanprover-community/import-graph,127.66666666666667
astrainfinita/algorithm,astrainfinita,algorithm,38,0,0.0008650948644855007,24,leanprover/lean4:v4.27.0-rc1,https://github.com/astrainfinita/Algorithm,128.0
google-deepmind/debate,google-deepmind,debate,117,0,0.0008650948644855007,35,leanprover/lean4:v4.8.0,https://github.com/google-deepmind/debate,128.33333333333334
Beneficial-AI-Foundation/Curve25519Dalek,Beneficial-AI-Foundation,Curve25519Dalek,10,0,0.0008650948644855007,15,leanprover/lean4:v4.28.0-rc1,https://github.com/Beneficial-AI-Foundation/curve25519-dalek-lean-verify,128.66666666666666
kebekus/VD,kebekus,VD,10,0,0.0008650948644855007,15,leanprover/lean4:v4.30.0-rc2,https://github.com/kebekus/ProjectVD,128.66666666666666
pandaman64/lean-regex,pandaman64,lean-regex,95,0,0.0008650948644855007,33,,https://github.com/pandaman64/lean-regex,128.66666666666666
YaelDillies/LeanCamCombi,YaelDillies,LeanCamCombi,76,0,0.0008650948644855007,31,leanprover/lean4:v4.29.0,https://github.com/YaelDillies/cam-combi,128.66666666666666
YaelDillies/AddCombi,YaelDillies,AddCombi,10,0,0.0008650948644855007,15,leanprover/lean4:v4.29.0,https://github.com/YaelDillies/add-combi,128.66666666666666
leanprover/TensorLib,leanprover,TensorLib,39,2,0.00109255628138504,30,leanprover/lean4:v4.23.0,https://github.com/leanprover/TensorLib,129.33333333333334
Verilean/Hesper,Verilean,Hesper,22,0,0.0008650948644855007,20,leanprover/lean4:v4.26.0,https://github.com/Verilean/hesper,129.66666666666666
nomeata/calcify,nomeata,calcify,34,2,0.0016529128329889197,32,leanprover/lean4:v4.16.0,https://github.com/nomeata/lean-calcify,129.66666666666666
hhu-adam/i18n,hhu-adam,i18n,12,13,0.0028206341329706543,19,leanprover/lean4:v4.29.1,https://github.com/hhu-adam/lean-i18n,130.0
Timeroot/computableReal,Timeroot,computableReal,49,0,0.0008650948644855007,28,leanprover/lean4:v4.17.0-rc1,https://github.com/Timeroot/ComputableReal,130.66666666666666
AlexKontorovich/Game,AlexKontorovich,Game,61,0,0.0008650948644855007,31,leanprover/lean4:v4.26.0,https://github.com/AlexKontorovich/RealAnalysisGame,134.0
hhu-adam/Game,hhu-adam,Game,47,0,0.0008650948644855007,29,leanprover/lean4:v4.23.0,https://github.com/hhu-adam/GameSkeleton,134.66666666666666
joehendrix/lean-crypto,joehendrix,lean-crypto,53,0,0.0008650948644855007,30,leanprover/lean4:nightly-2023-04-20,https://github.com/joehendrix/lean-crypto,135.0
iasakura/lean-yjs,iasakura,lean-yjs,14,0,0.0008650948644855007,17,leanprover/lean4:v4.26.0-rc2,https://github.com/iasakura/lean-yjs,135.33333333333334
jcreedcmu/Noperthedron,jcreedcmu,Noperthedron,14,0,0.0008650948644855007,17,leanprover/lean4:v4.30.0-rc2,https://github.com/jcreedcmu/Noperthedron,135.33333333333334
eric-wieser/matrix_cookbook,eric-wieser,matrix_cookbook,128,0,0.0008650948644855007,41,leanprover/lean4:v4.22.0-rc4,https://github.com/eric-wieser/lean-matrix-cookbook,135.66666666666666
ImperialCollegeLondon/IUM,ImperialCollegeLondon,IUM,20,0,0.0008650948644855007,21,,https://github.com/ImperialCollegeLondon/IUM,136.33333333333334
rkirov/category-theory-in-context-lean,rkirov,category-theory-in-context-lean,32,0,0.0008650948644855007,25,leanprover/lean4:v4.24.0-rc1,https://github.com/rkirov/category-theory-in-context-lean,136.66666666666666
kim-em/lean-training-data,kim-em,lean-training-data,61,0,0.0008650948644855007,32,leanprover/lean4:v4.16.0,https://github.com/kim-em/lean-training-data,137.0
rami3l/plfl,rami3l,plfl,107,0,0.0008650948644855007,40,leanprover/lean4:v4.7.0,https://github.com/rami3l/PLFaLean,137.66666666666666
madvorak/readLean,madvorak,readLean,25,0,0.0008650948644855007,24,leanprover/lean4:v4.12.0-rc1,https://github.com/madvorak/read-lean,138.0
argumentcomputer/Wasm.lean,argumentcomputer,Wasm.lean,42,0,0.0008650948644855007,29,leanprover/lean4:nightly-2023-01-10,https://github.com/argumentcomputer/Wasm.lean,138.33333333333334
leanprover-community/LeanSearchClient,leanprover-community,LeanSearchClient,32,321,0.029803328823733245,38,leanprover/lean4:v4.27.0-rc1,https://github.com/leanprover-community/LeanSearchClient,139.0
mo271/FormalBook,mo271,FormalBook,82,0,0.0008650948644855007,36,leanprover/lean4:v4.27.0-rc1,https://github.com/mo271/FormalBook,139.33333333333334
GasStationManager/LeanTool,GasStationManager,LeanTool,87,0,0.0008650948644855007,38,leanprover/lean4:v4.26.0,https://github.com/GasStationManager/LeanTool,140.0
alexkeizer/qpf,alexkeizer,qpf,51,0,0.0008650948644855007,32,leanprover/lean4:v4.25.0,https://github.com/alexkeizer/QPFTypes,141.0
paulch42/leanSpec,paulch42,leanSpec,23,0,0.0008650948644855007,24,leanprover/lean4:v4.5.0-rc1,https://github.com/paulch42/lean-spec,142.0
Clap-lang/clap,Clap-lang,clap,8,0,0.0008650948644855007,15,leanprover/lean4:v4.29.0,https://github.com/Clap-lang/clap-lean,143.66666666666666
google-deepmind/putnam_like,google-deepmind,putnam_like,18,0,0.0008650948644855007,22,leanprover/lean4:v4.27.0,https://github.com/google-deepmind/formal-putnam-like,144.66666666666666
yuma-mizuno/lean-math-workshop,yuma-mizuno,lean-math-workshop,96,0,0.0008650948644855007,44,leanprover/lean4:v4.26.0-rc2,https://github.com/yuma-mizuno/lean-math-workshop,145.66666666666666
starkware-libs/verification,starkware-libs,verification,68,0,0.0008650948644855007,38,leanprover/lean4:v4.13.0-rc3,https://github.com/starkware-libs/formal-proofs,146.66666666666666
dwrensha/Chess,dwrensha,Chess,31,0,0.0008650948644855007,29,leanprover/lean4:v4.15.0,https://github.com/dwrensha/Chess.lean,146.66666666666666
WuProver/groebner,WuProver,groebner,34,1,0.0009110509126482001,31,leanprover/lean4:v4.29.0-rc8,https://github.com/WuProver/groebner_proj,146.66666666666666
dwrensha/tryAtEachStep,dwrensha,tryAtEachStep,36,4,0.001446647764871661,40,leanprover/lean4:v4.30.0-rc1,https://github.com/dwrensha/tryAtEachStep,147.0
konne88/functorio,konne88,functorio,291,0,0.0008650948644855007,59,leanprover/lean4:v4.20.1,https://github.com/konne88/functorio,147.33333333333334
fpvandoorn/LeanCourse,fpvandoorn,LeanCourse,44,0,0.0008650948644855007,33,leanprover/lean4:v4.13.0-rc3,https://github.com/fpvandoorn/LeanCourse24,147.33333333333334
google-deepmind/minif2f,google-deepmind,minif2f,9,0,0.0008650948644855007,16,leanprover/lean4:v4.27.0,https://github.com/google-deepmind/miniF2F,147.66666666666666
GasStationManager/ArtificialAlgorithms,GasStationManager,ArtificialAlgorithms,11,0,0.0008650948644855007,17,leanprover/lean4:v4.27.0,https://github.com/GasStationManager/ArtificialAlgorithms,148.66666666666666
wellecks/ntptutorial,wellecks,ntptutorial,179,0,0.0008650948644855007,56,leanprover/lean4:nightly-2023-06-10,https://github.com/wellecks/ntptutorial,149.0
BoltonBailey/formalSnarksProject,BoltonBailey,formalSnarksProject,61,0,0.0008650948644855007,38,leanprover/lean4:v4.10.0-rc2,https://github.com/BoltonBailey/formal-snarks-project,149.0
amarmaduke/lean-subst,amarmaduke,lean-subst,11,1,0.001600391635088692,22,leanprover/lean4:v4.29.0,https://github.com/amarmaduke/lean-subst,149.33333333333334
leanprover-community/ConNF,leanprover-community,ConNF,83,0,0.0008650948644855007,44,leanprover/lean4:v4.21.0-rc3,https://github.com/leanprover-community/con-nf,150.0
codyroux/traat,codyroux,traat,18,0,0.0008650948644855007,24,leanprover/lean4:v4.30.0-rc1,https://github.com/codyroux/traat-lean,151.0
ionathanch/MutualInduction,ionathanch,MutualInduction,28,1,0.001600391635088692,40,leanprover/lean4:v4.29.0,https://github.com/ionathanch/MutualInduction,151.0
argumentcomputer/yatima,argumentcomputer,yatima,146,0,0.0008650948644855007,56,leanprover/lean4:nightly-2023-01-10,https://github.com/argumentcomputer/yatima,151.0
hawkrobe/linglib,hawkrobe,linglib,7,0,0.0008650948644855007,15,leanprover/lean4:v4.29.1,https://github.com/hawkrobe/linglib,151.33333333333334
weiran-sun/PDE,weiran-sun,PDE,7,0,0.0008650948644855007,15,leanprover/lean4:v4.27.0,https://github.com/weiran-sun/pde,151.33333333333334
vltanh/lean4-analysis-tao,vltanh,lean4-analysis-tao,23,0,0.0008650948644855007,28,leanprover/lean4:v4.29.0,https://github.com/vltanh/lean4-analysis-tao,151.66666666666666
vihdzp/Rubik,vihdzp,Rubik,33,0,0.0008650948644855007,32,leanprover/lean4:v4.17.0-rc1,https://github.com/vihdzp/rubik-lean4,152.0
djvelleman/htpi,djvelleman,htpi,39,0,0.0008650948644855007,34,leanprover/lean4:v4.26.0,https://github.com/djvelleman/HTPILeanPackage,152.66666666666666
Ivan-Sergeyev/Seymour,Ivan-Sergeyev,Seymour,44,0,0.0008650948644855007,36,leanprover/lean4:v4.18.0,https://github.com/Ivan-Sergeyev/seymour,153.66666666666666
artie2000/real-closed-field,artie2000,real-closed-field,15,0,0.0008650948644855007,22,leanprover/lean4:v4.30.0-rc1,https://github.com/artie2000/real_closed_field,154.66666666666666
jsm28/IMO,jsm28,IMO,15,0,0.0008650948644855007,22,leanprover/lean4:v4.30.0-rc2,https://github.com/jsm28/IMOLean,154.66666666666666
ctchou/AutomataTheory,ctchou,AutomataTheory,20,0,0.0008650948644855007,28,leanprover/lean4:v4.24.0-rc1,https://github.com/ctchou/AutomataTheory,156.66666666666666
chrisflav/proetale,chrisflav,proetale,8,0,0.0008650948644855007,16,leanprover/lean4:v4.30.0-rc2,https://github.com/chrisflav/proetale,157.33333333333334
NethermindEth/evmyul,NethermindEth,evmyul,70,0,0.0008650948644855007,47,leanprover/lean4:v4.22.0,https://github.com/NethermindEth/EVMYulLean,158.33333333333334
draperlaboratory/ELFSage,draperlaboratory,ELFSage,16,1,0.000987644326252699,29,leanprover/lean4:nightly-2024-10-07,https://github.com/draperlaboratory/ELFSage,159.33333333333334
dupuisf/BibtexQuery,dupuisf,BibtexQuery,11,55,0.004872120493296304,27,leanprover/lean4:v4.30.0-rc2,https://github.com/dupuisf/BibtexQuery,159.33333333333334
hargoniX/socket,hargoniX,socket,23,0,0.0008650948644855007,31,leanprover/lean4:v4.19.0,https://github.com/hargoniX/socket.lean,159.66666666666666
AxiomMath/FelConjecture,AxiomMath,FelConjecture,40,0,0.0008650948644855007,38,leanprover/lean4:v4.26.0,https://github.com/AxiomMath/fel-polynomial,159.66666666666666
lean-dojo/problems,lean-dojo,problems,47,0,0.0008650948644855007,42,leanprover/lean4:v4.26.0,https://github.com/lean-dojo/LeanMillenniumPrizeProblems,160.33333333333334
NethermindEth/plonky3-example,NethermindEth,plonky3-example,16,0,0.0008650948644855007,25,leanprover/lean4:v4.23.0-rc2,https://github.com/NethermindEth/CertiPlonk,160.33333333333334
jaalonso/Calculemus2,jaalonso,Calculemus2,9,0,0.0008650948644855007,17,leanprover/lean4:v4.30.0-rc2,https://github.com/jaalonso/Calculemus2,161.0
algebraic-dev/Http,algebraic-dev,Http,54,0,0.0008650948644855007,46,leanprover/lean4:v4.8.0,https://github.com/algebraic-dev/http,163.0
leanprover-cookbook/Cookbook,leanprover-cookbook,Cookbook,12,0,0.0008650948644855007,22,leanprover/lean4:v4.28.0,https://github.com/leanprover-cookbook/lean-metaprogramming-recipes,164.66666666666666
fplaunchpad/sal,fplaunchpad,sal,7,0,0.0008650948644855007,16,leanprover/lean4:v4.28.0,https://github.com/fplaunchpad/sal,165.0
objectionary/phi-calculus,objectionary,phi-calculus,7,0,0.0008650948644855007,16,leanprover/lean4:v4.15.0-rc1,https://github.com/objectionary/proof,165.0
ISTA-PLV/Coinductive,ISTA-PLV,Coinductive,7,0,0.0008650948644855007,16,leanprover/lean4:v4.29.0,https://github.com/ISTA-PLV/coinductive,165.0
marcusrossel/VerifiedCompiler,marcusrossel,VerifiedCompiler,32,0,0.0008650948644855007,38,leanprover/lean4:v4.29.0,https://github.com/marcusrossel/verified-compiler,165.33333333333334
leanprover-community/SphereEversion,leanprover-community,SphereEversion,47,0,0.0008650948644855007,45,leanprover/lean4:v4.28.0,https://github.com/leanprover-community/sphere-eversion,165.66666666666666
madvorak/fecssk,madvorak,fecssk,16,0,0.0008650948644855007,28,leanprover/lean4:v4.2.0-rc1,https://github.com/madvorak/fecssk,166.0
PnVDiscord/software-foundations-lean,PnVDiscord,software-foundations-lean,30,0,0.0008650948644855007,37,leanprover/lean4:v4.21.0,https://github.com/PnVDiscord/software-foundations-lean,166.33333333333334
LeanMachineLearning/LeanMachineLearning,LeanMachineLearning,LeanMachineLearning,9,0,0.0008650948644855007,18,leanprover/lean4:v4.29.0,https://github.com/LeanMachineLearning/LML,167.0
jsm28/AM,jsm28,AM,15,0,0.0008650948644855007,26,leanprover/lean4:v4.30.0-rc2,https://github.com/jsm28/AperiodicMonotilesLean,167.66666666666666
runbikeswim/lean-semver,runbikeswim,lean-semver,5,0,0.0008650948644855007,15,leanprover/lean4:v4.29.1,https://github.com/runbikeswim/lean-semver,167.66666666666666
or4nge19/MCMC,or4nge19,MCMC,5,0,0.0008650948644855007,15,leanprover/lean4:v4.27.0-rc1,https://github.com/or4nge19/MCMC,167.66666666666666
risc0/risc0-lean4,risc0,risc0-lean4,77,0,0.0008650948644855007,63,leanprover/lean4:nightly-2022-12-23,https://github.com/risc0/risc0-lean4,168.66666666666666
leanprover/LeanSAT,leanprover,LeanSAT,56,1,0.0009570069608108995,66,leanprover/lean4:nightly-2024-08-02,https://github.com/leanprover/leansat,171.33333333333334
girving/interval,girving,interval,25,3,0.0010719443769161225,50,leanprover/lean4:v4.27.0-rc1,https://github.com/girving/interval,172.0
kmill/LeanTeX,kmill,LeanTeX,35,1,0.0009386245415458198,52,leanprover/lean4:v4.18.0-rc1,https://github.com/kmill/LeanTeX,172.33333333333334
AfonsoBitoque/LeanServer,AfonsoBitoque,LeanServer,11,0,0.0008650948644855007,23,leanprover/lean4:v4.27.0,https://github.com/AfonsoBitoque/LeanServer,173.66666666666666
lean-machines-central/lean-machines,lean-machines-central,lean-machines,26,1,0.0009386245415458198,46,leanprover/lean4:v4.23.0-rc2,https://github.com/lean-machines-central/lean-machines,174.33333333333334
Beneficial-AI-Foundation/FloatSpec,Beneficial-AI-Foundation,FloatSpec,9,0,0.0008650948644855007,20,leanprover/lean4:v4.29.0,https://github.com/Beneficial-AI-Foundation/FloatSpec,174.33333333333334
kovach/etch,kovach,etch,17,0,0.0008650948644855007,33,leanprover/lean4:v4.7.0,https://github.com/kovach/etch,175.33333333333334
nimarasekh/Formalization_SoSe25,nimarasekh,Formalization_SoSe25,19,0,0.0008650948644855007,34,leanprover/lean4:v4.22.0-rc3,https://github.com/nimarasekh/Formalization-SoSe25,175.66666666666666
Seasawher/Lean Book,Seasawher,Lean Book,11,0,0.0008650948644855007,24,leanprover/lean4:v4.30.0-rc2,https://github.com/Seasawher/lean-book,176.33333333333334
leanprover/lean4checker,leanprover,lean4checker,34,0,0.0008650948644855007,51,leanprover/lean4:v4.29.0-rc8,https://github.com/leanprover/lean4checker,178.33333333333334
leanprover/leanInk,leanprover,leanInk,66,0,0.0008650948644855007,69,leanprover/lean4:v4.6.0-rc1,https://github.com/leanprover/LeanInk,178.33333333333334
mseri/BET,mseri,BET,7,0,0.0008650948644855007,17,leanprover/lean4:v4.30.0-rc2,https://github.com/mseri/BET,178.33333333333334
hanwenzhu/MillerRabin,hanwenzhu,MillerRabin,7,0,0.0008650948644855007,17,leanprover/lean4:v4.22.0,https://github.com/hanwenzhu/miller-rabin,178.33333333333334
reilabs/proven-zk,reilabs,proven-zk,49,0,0.0008650948644855007,63,leanprover/lean4:v4.21.0,https://github.com/reilabs/proven-zk,179.0
RemyDegenne/testing_lower_bounds,RemyDegenne,testing_lower_bounds,13,0,0.0008650948644855007,29,leanprover/lean4:v4.13.0-rc3,https://github.com/RemyDegenne/testing-lower-bounds,179.33333333333334
MichaelStollBayreuth/Heights,MichaelStollBayreuth,Heights,5,0,0.0008650948644855007,16,leanprover/lean4:v4.30.0-rc2,https://github.com/MichaelStollBayreuth/Heights,181.33333333333334
bergmannjg/Curl,bergmannjg,Curl,14,1,0.001600391635088692,44,leanprover/lean4:v4.27.0,https://github.com/bergmannjg/leanCurl,182.66666666666666
NethermindEth/CompPoly,NethermindEth,CompPoly,10,0,0.0008650948644855007,24,leanprover/lean4:v4.22.0-rc2,https://github.com/NethermindEth/CompPoly,183.33333333333334
b-mehta/ABCExceptions,b-mehta,ABCExceptions,20,0,0.0008650948644855007,42,leanprover/lean4:v4.21.0-rc3,https://github.com/b-mehta/ABC-Exceptions,185.0
dwrensha/rupert,dwrensha,rupert,17,0,0.0008650948644855007,39,leanprover/lean4:v4.28.0,https://github.com/dwrensha/Rupert.lean,187.0
intgrah/qdt,intgrah,qdt,8,0,0.0008650948644855007,21,leanprover/lean4:v4.28.0,https://github.com/intgrah/qdt,187.66666666666666
FormalizedFormalLogic/arithmetization,FormalizedFormalLogic,arithmetization,14,1,0.0009319400254494272,36,leanprover/lean4:v4.17.0-rc1,https://github.com/FormalizedFormalLogic/Arithmetization,189.0
kbuzzard/ClassFieldTheory,kbuzzard,ClassFieldTheory,13,0,0.0008650948644855007,33,leanprover/lean4:v4.29.0,https://github.com/kbuzzard/ClassFieldTheory,190.0
T-Brick/wasm,T-Brick,wasm,30,0,0.0008650948644855007,57,leanprover/lean4:v4.25.0,https://github.com/T-Brick/lean-wasm,190.0
lenianiva/Prismriver,lenianiva,Prismriver,17,0,0.0008650948644855007,42,leanprover/lean4:v4.28.0,https://github.com/lenianiva/Prismriver,190.33333333333334
dwrensha/maze,dwrensha,maze,69,0,0.0008650948644855007,90,leanprover/lean4:v4.22.0-rc2,https://github.com/dwrensha/lean4-maze,190.33333333333334
FormalSAT/trestle,FormalSAT,trestle,23,0,0.0008650948644855007,51,leanprover/lean4:v4.21.0,https://github.com/FormalSAT/trestle,190.33333333333334
VCA-EPFL/leanses,VCA-EPFL,leanses,16,0,0.0008650948644855007,39,leanprover/lean4:nightly-2025-06-05,https://github.com/VCA-EPFL/leanses,191.0
rupakm/leslie,rupakm,leslie,4,0,0.0008650948644855007,16,leanprover/lean4:v4.27.0,https://github.com/rupakm/leslie,191.33333333333334
lexzaiello/Dcc,lexzaiello,Dcc,4,0,0.0008650948644855007,16,leanprover/lean4:v4.26.0,https://github.com/lexzaiello/DCC,191.33333333333334
argumentcomputer/Megaparsec.lean,argumentcomputer,Megaparsec.lean,35,0,0.0008650948644855007,68,leanprover/lean4:v4.0.0,https://github.com/argumentcomputer/Megaparsec.lean,191.66666666666666
pitmonticone/ItaLean,pitmonticone,ItaLean,23,0,0.0008650948644855007,52,leanprover/lean4:v4.26.0-rc2,https://github.com/pitmonticone/ItaLean2025,191.66666666666666
sorrachai/FAA2025,sorrachai,FAA2025,11,0,0.0008650948644855007,30,leanprover/lean4:v4.22.0-rc3,https://github.com/sorrachai/FAA2025,191.66666666666666
varosi/bitmap,varosi,bitmap,3,0,0.0008650948644855007,15,leanprover/lean4:v4.29.0,https://github.com/varosi/Bitmap,192.0
cameronfreer/exchangeability,cameronfreer,exchangeability,9,0,0.0008650948644855007,25,leanprover/lean4:v4.27.0-rc1,https://github.com/cameronfreer/exchangeability,192.66666666666666
goens/lost-pop-lean,goens,lost-pop-lean,9,0,0.0008650948644855007,25,leanprover/lean4:v4.29.0,https://github.com/goens/lost-pop-lean,192.66666666666666
YaelDillies/Toric,YaelDillies,Toric,12,0,0.0008650948644855007,33,leanprover/lean4:v4.30.0-rc1,https://github.com/YaelDillies/toric,194.0
riccardobrasca/FLT3,riccardobrasca,FLT3,41,0,0.0008650948644855007,77,leanprover/lean4:v4.9.0-rc3,https://github.com/riccardobrasca/flt3,195.0
siddhartha-gadgil/LeanLangur,siddhartha-gadgil,LeanLangur,7,0,0.0008650948644855007,21,leanprover/lean4:v4.29.0,https://github.com/siddhartha-gadgil/LeanLangur,195.33333333333334
0art0/lean-slides,0art0,lean-slides,25,0,0.0008650948644855007,63,leanprover/lean4:v4.29.0-rc6,https://github.com/0art0/lean-slides,196.0
haskell-spec/haskell-spec,haskell-spec,haskell-spec,32,0,0.0008650948644855007,72,leanprover/lean4:v4.22.0-rc4,https://github.com/haskell-spec/haskell-spec,196.66666666666666
oliver-butterley/SpectralThm,oliver-butterley,SpectralThm,9,0,0.0008650948644855007,28,leanprover/lean4:v4.27.0-rc1,https://github.com/oliver-butterley/SpectralThm,198.33333333333334
math-xmum/GameTheory,math-xmum,GameTheory,8,0,0.0008650948644855007,24,leanprover/lean4:v4.24.0-rc1,https://github.com/math-xmum/gametheory,198.33333333333334
madvorak/chomsky,madvorak,chomsky,9,1,0.0012327432497870963,35,leanprover/lean4:v4.18.0,https://github.com/madvorak/chomsky,200.0
verse-lab/ssreflect,verse-lab,ssreflect,43,0,0.0008650948644855007,89,leanprover/lean4:v4.26.0,https://github.com/verse-lab/lean-ssr,201.33333333333334
tydeu/itertools,tydeu,itertools,15,0,0.0008650948644855007,44,leanprover/lean4:v4.3.0,https://github.com/tydeu/lean4-itertools,201.33333333333334
girving/ray,girving,ray,29,2,0.0009932147563330262,87,leanprover/lean4:v4.27.0-rc1,https://github.com/girving/ray,201.33333333333334
WuProver/MonomialOrderedPolynomial,WuProver,MonomialOrderedPolynomial,11,0,0.0008650948644855007,34,leanprover/lean4:v4.29.0-rc8,https://github.com/WuProver/MonomialOrderedPolynomial,201.66666666666666
ValorZard/SDL3,ValorZard,SDL3,17,1,0.001600391635088692,80,leanprover/lean4:v4.23.0,https://github.com/ValorZard/lean-sdl3,201.66666666666666
leanprover/SHerLOC,leanprover,SHerLOC,21,2,0.00109255628138504,80,leanprover/lean4:v4.20.0,https://github.com/leanprover/SHerLOC,202.33333333333334
logical-intelligence/Putnam,logical-intelligence,Putnam,21,0,0.0008650948644855007,59,leanprover/lean4:v4.26.0-rc2,https://github.com/logical-intelligence/proofs,202.33333333333334
alok/lean-inf,alok,lean-inf,10,0,0.0008650948644855007,32,leanprover/lean4:v4.12.0-rc1,https://github.com/alok/lean-inf,204.0
leanprover/TenCert,leanprover,TenCert,9,0,0.0008650948644855007,30,leanprover/lean4:v4.19.0,https://github.com/leanprover/TenCert,204.0
JadAbouHawili/Game,JadAbouHawili,Game,4,0,0.0008650948644855007,17,leanprover/lean4:v4.29.1,https://github.com/JadAbouHawili/KnightsAndKnaves-Lean4Game,204.66666666666666
metamatematico/metamath_prover,metamatematico,metamath_prover,3,0,0.0008650948644855007,16,leanprover/lean4:v4.29.0-rc4,https://github.com/metamatematico/Metamatematico---Razonamiento-Formal-con-Lean,205.66666666666666
nielstron/langlib,nielstron,langlib,3,0,0.0008650948644855007,16,leanprover/lean4:v4.28.0,https://github.com/nielstron/langlib,205.66666666666666
KislyjKisel/raylib,KislyjKisel,raylib,29,0,0.0008650948644855007,80,leanprover/lean4-pr-releases:pr-release-8152,https://github.com/KislyjKisel/Raylib.lean,205.66666666666666
Philogy/remco-mul,Philogy,remco-mul,9,0,0.0008650948644855007,31,leanprover/lean4:v4.29.0,https://github.com/Philogy/remco-mul-verification,206.33333333333334
argumentcomputer/RustFFI.lean,argumentcomputer,RustFFI.lean,15,0,0.0008650948644855007,49,leanprover/lean4:nightly-2022-12-08,https://github.com/argumentcomputer/RustFFI.lean,206.66666666666666
knowsys/certifyingDatalog,knowsys,certifyingDatalog,13,0,0.0008650948644855007,44,leanprover/lean4:v4.29.0,https://github.com/knowsys/CertifyingDatalog,207.33333333333334
leanprover/subverso,leanprover,subverso,7,12,0.0029893818529243615,34,leanprover/lean4:v4.29.0-rc7,https://github.com/leanprover/subverso,207.66666666666666
alexjbest/leaff,alexjbest,leaff,25,0,0.0008650948644855007,80,leanprover/lean4:v4.11.0-rc3,https://github.com/alexjbest/leaff,208.0
fpvandoorn/bonnAnalysis,fpvandoorn,bonnAnalysis,12,0,0.0008650948644855007,43,leanprover/lean4:v4.10.0-rc1,https://github.com/fpvandoorn/BonnAnalysis,210.33333333333334
Anderssorby/SDL,Anderssorby,SDL,24,0,0.0008650948644855007,80,leanprover/lean4:v4.26.0,https://github.com/Anderssorby/SDL.lean,210.66666666666666
input-output-hk/CardanoLedgerApi,input-output-hk,CardanoLedgerApi,4,0,0.0008650948644855007,18,leanprover/lean4:v4.24.0,https://github.com/input-output-hk/CardanoLedgerApiBlaster,210.66666666666666
YellPika/quasi-borel-spaces,YellPika,quasi-borel-spaces,10,0,0.0008650948644855007,35,leanprover/lean4:v4.28.0-rc1,https://github.com/YellPika/quasi-borel-spaces,211.0
argumentcomputer/Blake3,argumentcomputer,Blake3,6,1,0.0010489190571362985,28,leanprover/lean4:v4.29.0,https://github.com/argumentcomputer/Blake3.lean,211.33333333333334
RemyDegenne/clt,RemyDegenne,clt,16,0,0.0008650948644855007,57,leanprover/lean4:v4.29.0-rc3,https://github.com/RemyDegenne/CLT,211.66666666666666
SamuelSchlesinger/shannon-entropy,SamuelSchlesinger,shannon-entropy,9,0,0.0008650948644855007,33,leanprover/lean4:v4.28.0,https://github.com/SamuelSchlesinger/shannon-1948-formalization,211.66666666666666
RemyDegenne/kolmogorov_extension4,RemyDegenne,kolmogorov_extension4,10,1,0.0009263695953691,37,leanprover/lean4:v4.30.0-rc1,https://github.com/RemyDegenne/kolmogorov_extension4,212.66666666666666
m4lvin/Gossip,m4lvin,Gossip,2,0,0.0008650948644855007,15,leanprover/lean4:v4.28.0,https://github.com/m4lvin/Gossip-in-Lean,212.66666666666666
SrGaabriel/lapis,SrGaabriel,lapis,7,1,0.0009701372602859566,30,leanprover/lean4:v4.30.0-rc1,https://github.com/SrGaabriel/lapis,212.66666666666666
siddhartha-gadgil/saturn,siddhartha-gadgil,saturn,63,0,0.0008650948644855007,146,leanprover/lean4:v4.8.0,https://github.com/siddhartha-gadgil/Saturn,213.0
arthurpaulino/LeanMySQL,arthurpaulino,LeanMySQL,20,0,0.0008650948644855007,74,leanprover/lean4:nightly-2022-03-09,https://github.com/arthurpaulino/LeanMySQL,213.0
MichaelStollBayreuth/EulerProducts,MichaelStollBayreuth,EulerProducts,9,0,0.0008650948644855007,34,leanprover/lean4:v4.24.0,https://github.com/MichaelStollBayreuth/EulerProducts,214.0
mariovagomarzal/HigherCategoryTheory,mariovagomarzal,HigherCategoryTheory,4,0,0.0008650948644855007,19,leanprover/lean4:v4.28.0,https://github.com/mariovagomarzal/higher_category_theory,214.33333333333334
NethermindEth/risczero-fv,NethermindEth,risczero-fv,12,0,0.0008650948644855007,46,leanprover/lean4:nightly-2023-06-10,https://github.com/NethermindEth/risczero-fv,214.66666666666666
math-inc/FormalQualBench,math-inc,FormalQualBench,14,0,0.0008650948644855007,54,leanprover/lean4:v4.28.0,https://github.com/math-inc/FormalQualBench,215.33333333333334
acmepjz/MD4Lean,acmepjz,MD4Lean,12,64,0.0065537970230668844,80,leanprover/lean4:v4.29.0-rc1,https://github.com/acmepjz/md4lean,215.33333333333334
AxiomMath/Deadends,AxiomMath,Deadends,11,0,0.0008650948644855007,43,leanprover/lean4:v4.26.0,https://github.com/AxiomMath/dead-ends,215.66666666666666
monsterkrampe/ExistentialRules,monsterkrampe,ExistentialRules,5,0,0.0008650948644855007,22,leanprover/lean4:v4.29.0,https://github.com/monsterkrampe/Existential-Rules-in-Lean,216.0
atlas-computing-org/bignum,atlas-computing-org,bignum,5,0,0.0008650948644855007,22,leanprover/lean4:v4.30.0-rc2,https://github.com/atlas-computing-org/bignum,216.0
ElifUskuplu/stlc,ElifUskuplu,stlc,17,0,0.0008650948644855007,72,leanprover/lean4:v4.16.0-rc2,https://github.com/ElifUskuplu/Stlc_deBruijn,216.33333333333334
powdr-labs/leanr,powdr-labs,leanr,9,0,0.0008650948644855007,35,leanprover/lean4:v4.30.0-rc1,https://github.com/powdr-labs/leanr,216.33333333333334
fgdorais/extra,fgdorais,extra,4,3,0.0019494894290786242,27,leanprover/lean4:v4.29.0-rc3,https://github.com/fgdorais/extra4,218.33333333333334
lambdaclass/optisat,lambdaclass,optisat,2,1,0.001600391635088692,17,leanprover/lean4:v4.26.0,https://github.com/lambdaclass/truth_research,219.0
riccardobrasca/SDG,riccardobrasca,SDG,3,0,0.0008650948644855007,17,riccardobrasca/lean4:v4.30.0-rc2-less-choice,https://github.com/riccardobrasca/SDG,219.0
arthurpaulino/NumLean,arthurpaulino,NumLean,20,0,0.0008650948644855007,83,leanprover/lean4:nightly-2022-01-15,https://github.com/arthurpaulino/NumLean,220.33333333333334
oOo0oOo/LeanSage,oOo0oOo,LeanSage,12,0,0.0008650948644855007,52,leanprover/lean4:v4.25.0,https://github.com/oOo0oOo/LeanSage,220.66666666666666
FredRaj3/SemicircleLaw,FredRaj3,SemicircleLaw,8,0,0.0008650948644855007,33,leanprover/lean4:v4.24.0,https://github.com/FredRaj3/SemicircleLaw,221.33333333333334
T-Brick/lean2wasm,T-Brick,lean2wasm,24,0,0.0008650948644855007,101,leanprover/lean4:v4.6.1,https://github.com/T-Brick/lean2wasm,222.66666666666666
alok/LeanPlot,alok,LeanPlot,16,0,0.0008650948644855007,75,leanprover/lean4:v4.27.0-rc1,https://github.com/alok/LeanPlot,222.66666666666666
eshelyaron/bdd,eshelyaron,bdd,13,0,0.0008650948644855007,58,leanprover/lean4:v4.27.0,https://github.com/eshelyaron/lean4-bdd,223.0
haruhisa-enomoto/mathlib4-all-tactics,haruhisa-enomoto,mathlib4-all-tactics,53,0,0.0008650948644855007,168,leanprover/lean4:v4.0.0-rc4,https://github.com/haruhisa-enomoto/mathlib4-all-tactics,224.66666666666666
NyxFoundation/TopSingleLayer,NyxFoundation,TopSingleLayer,11,0,0.0008650948644855007,51,leanprover/lean4:v4.24.0-rc1,https://github.com/NyxFoundation/tsl-formal-verification,224.66666666666666
JasonShroyer/sgc,JasonShroyer,sgc,3,0,0.0008650948644855007,18,leanprover/lean4:v4.25.2,https://github.com/JasonShroyer/sgc-lean,225.0
katydid/regexderiv,katydid,regexderiv,18,0,0.0008650948644855007,84,leanprover/lean4:v4.22.0,https://github.com/katydid/regex-deriv-lean,225.33333333333334
mitchell-horner/ErdosStoneSimonovitsKovariSosTuran,mitchell-horner,ErdosStoneSimonovitsKovariSosTuran,2,0,0.0008650948644855007,16,leanprover/lean4:v4.16.0-rc2,https://github.com/mitchell-horner/ErdosStoneSimonovitsKovariSosTuran,226.33333333333334
klavins/LeanW26,klavins,LeanW26,6,0,0.0008650948644855007,29,leanprover/lean4:v4.28.0-rc1,https://github.com/klavins/LeanW26,226.33333333333334
Maokami/vqc_in_lean,Maokami,vqc_in_lean,6,0,0.0008650948644855007,29,leanprover/lean4:v4.15.0-rc1,https://github.com/Maokami/vqc_in_lean,226.33333333333334
amarmaduke/lean-stlc,amarmaduke,lean-stlc,2,0,0.0008650948644855007,16,leanprover/lean4:v4.26.0,https://github.com/amarmaduke/lean-stlc,226.33333333333334
lean-ja/lean99,lean-ja,lean99,16,0,0.0008650948644855007,80,leanprover/lean4:v4.16.0-rc2,https://github.com/lean-ja/lean99,226.33333333333334
proofs-and-programs/PfsProgs25,proofs-and-programs,PfsProgs25,12,0,0.0008650948644855007,58,leanprover/lean4:v4.19.0-rc3,https://github.com/proofs-and-programs/proofs-and-programs-25,227.0
arademaker/fad,arademaker,fad,13,0,0.0008650948644855007,66,leanprover/lean4:v4.27.0-rc1,https://github.com/arademaker/fad,227.66666666666666
T-Brick/DateTime,T-Brick,DateTime,17,0,0.0008650948644855007,90,leanprover/lean4:v4.5.0,https://github.com/T-Brick/DateTime,229.0
lindy-labs/aegis,lindy-labs,aegis,20,2,0.0010272574407543212,135,leanprover/lean4:v4.20.0-rc5,https://github.com/lindy-labs/aegis,229.66666666666666
Shreyas4991/Algolean,Shreyas4991,Algolean,4,0,0.0008650948644855007,23,leanprover/lean4:v4.29.0,https://github.com/Shreyas4991/Algolean,229.66666666666666
josephmckinsey/flean,josephmckinsey,flean,8,0,0.0008650948644855007,37,leanprover/lean4:v4.27.0-rc1,https://github.com/josephmckinsey/Flean,230.0
knowsys/FormaleSystemeInLean,knowsys,FormaleSystemeInLean,10,0,0.0008650948644855007,50,leanprover/lean4:v4.28.0,https://github.com/knowsys/Formale-Systeme-in-LEAN,230.0
sven-manthe/borel_det,sven-manthe,borel_det,14,0,0.0008650948644855007,77,leanprover/lean4:v4.28.0-rc1,https://github.com/sven-manthe/A-formalization-of-Borel-determinacy-in-Lean,231.66666666666666
PierreSenellart/provenance,PierreSenellart,provenance,5,0,0.0008650948644855007,28,leanprover/lean4:v4.26.0-rc2,https://github.com/PierreSenellart/provenance-lean,232.0
math-xmum/Game,math-xmum,Game,4,0,0.0008650948644855007,24,leanprover/lean4:v4.28.0,https://github.com/math-xmum/AbstractAlgebra,232.33333333333334
formalproofs/mdplib,formalproofs,mdplib,3,0,0.0008650948644855007,20,leanprover/lean4:v4.30.0-rc1,https://github.com/formalproofs/MDPLib,232.33333333333334
igrep/test,igrep,test,4,0,0.0008650948644855007,24,leanprover/lean4:v4.22.0,https://github.com/igrep/lean-workshop,232.33333333333334
fpvandoorn/LeanCourse25,fpvandoorn,LeanCourse25,17,0,0.0008650948644855007,98,leanprover/lean4:v4.24.0,https://github.com/fpvandoorn/LeanCourse25,233.33333333333334
pitmonticone/LeanInVienna,pitmonticone,LeanInVienna,13,0,0.0008650948644855007,76,leanprover/lean4:v4.16.0-rc2,https://github.com/pitmonticone/LeanInVienna2024,234.0
sinhp/leanFibredCategories,sinhp,leanFibredCategories,5,0,0.0008650948644855007,29,leanprover/lean4:v4.4.0-rc1,https://github.com/sinhp/LeanFibredCategories,234.66666666666666
schergen-org/leansi,schergen-org,leansi,10,0,0.0008650948644855007,53,leanprover/lean4:v4.28.0,https://github.com/schergen-org/Leansi,235.33333333333334
PeterKementzey/Graph,PeterKementzey,Graph,22,0,0.0008650948644855007,132,leanprover/lean4:v4.12.0,https://github.com/PeterKementzey/graph-library-for-lean4,236.0
Arthur742Ramos/Metatheory,Arthur742Ramos,Metatheory,3,0,0.0008650948644855007,21,leanprover/lean4:v4.24.0,https://github.com/Arthur742Ramos/Metatheory,236.0
yangky11/lean4-example,yangky11,lean4-example,16,0,0.0008650948644855007,98,leanprover/lean4:v4.20.0,https://github.com/yangky11/lean4-example,237.33333333333334
Trequetrum/Game,Trequetrum,Game,18,0,0.0008650948644855007,117,leanprover/lean4:v4.7.0,https://github.com/Trequetrum/lean4game-logic,238.66666666666666
siddhartha-gadgil/MetaExamples,siddhartha-gadgil,MetaExamples,20,0,0.0008650948644855007,132,leanprover/lean4:v4.22.0,https://github.com/siddhartha-gadgil/MetaExamples,239.0
MichaelStollBayreuth/Weights,MichaelStollBayreuth,Weights,6,0,0.0008650948644855007,34,leanprover/lean4:v4.24.0,https://github.com/MichaelStollBayreuth/Weights,239.33333333333334
NethermindEth/FVIntmax,NethermindEth,FVIntmax,10,0,0.0008650948644855007,59,leanprover/lean4:v4.14.0-rc2,https://github.com/NethermindEth/FVIntmax,240.0
YnirPaz/PCF,YnirPaz,PCF,12,0,0.0008650948644855007,80,leanprover/lean4:v4.18.0-rc1,https://github.com/YnirPaz/PCF-Theory,241.0
tydeu/partax,tydeu,partax,16,0,0.0008650948644855007,106,leanprover/lean4:v4.3.0,https://github.com/tydeu/lean4-partax,241.66666666666666
ahhwuhu/Zeta3Irrational,ahhwuhu,Zeta3Irrational,9,0,0.0008650948644855007,56,leanprover/lean4:v4.18.0,https://github.com/ahhwuhu/zeta_3_irrational,242.66666666666666
leanprover/versowebcomponents,leanprover,versowebcomponents,3,1,0.0010121542186061388,27,leanprover/lean4:v4.30.0-rc2,https://github.com/leanprover/verso-web-components,243.0
oOo0oOo/LeanSerde,oOo0oOo,LeanSerde,6,1,0.001600391635088692,52,leanprover/lean4:v4.25.0,https://github.com/oOo0oOo/LeanSerde,243.0
Paul-Lez/PersistentDecomp,Paul-Lez,PersistentDecomp,6,0,0.0008650948644855007,36,leanprover/lean4:v4.29.0,https://github.com/Paul-Lez/PersistentDecomp,243.33333333333334
JadAbouHawili/SmullyanKnightsAndKnaves,JadAbouHawili,SmullyanKnightsAndKnaves,2,0,0.0008650948644855007,18,leanprover/lean4:v4.27.0,https://github.com/JadAbouHawili/Raymond-Smullyan-KnightsAndKnaves,245.66666666666666
ah1112/synthetic_euclid_4,ah1112,synthetic_euclid_4,12,0,0.0008650948644855007,87,,https://github.com/ah1112/synthetic_euclid_4,246.33333333333334
ammkrn/printiest,ammkrn,printiest,9,0,0.0008650948644855007,60,,https://github.com/ammkrn/printiest,246.33333333333334
GasStationManager/CodeProofTheArena,GasStationManager,CodeProofTheArena,13,0,0.0008650948644855007,96,leanprover/lean4:v4.14.0-rc2,https://github.com/GasStationManager/CodeProofTheArena,247.0
ammkrn/timelib,ammkrn,timelib,14,0,0.0008650948644855007,104,leanprover/lean4:v4.19.0-rc2,https://github.com/ammkrn/timelib,247.0
FWuermse/Postgres,FWuermse,Postgres,14,0,0.0008650948644855007,104,leanprover/lean4:v4.9.1,https://github.com/FWuermse/lean-postgres,247.0
kmill/LeanTeX_Mathlib,kmill,LeanTeX_Mathlib,8,0,0.0008650948644855007,52,leanprover/lean4:v4.18.0-rc1,https://github.com/kmill/LeanTeX-mathlib,248.0
oOo0oOo/LeanDoomed,oOo0oOo,LeanDoomed,21,0,0.0008650948644855007,158,leanprover/lean4:v4.25.0,https://github.com/oOo0oOo/LeanDoomed,248.66666666666666
kkytola/VirasoroProject,kkytola,VirasoroProject,6,0,0.0008650948644855007,40,leanprover/lean4:v4.27.0-rc1,https://github.com/kkytola/VirasoroProject,249.33333333333334
YaelDillies/MiscYD,YaelDillies,MiscYD,4,0,0.0008650948644855007,31,leanprover/lean4:v4.29.0,https://github.com/YaelDillies/misc-yd,250.0
hargoniX/leanwuzla,hargoniX,leanwuzla,13,1,0.0009570069608108995,129,leanprover/lean4:nightly-2026-01-05,https://github.com/hargoniX/Leanwuzla,250.0
adomani/mA4N1,adomani,mA4N1,17,0,0.0008650948644855007,147,leanprover/lean4:v4.24.0-rc1,https://github.com/adomani/MA4N1_Theorem_proving_with_Lean,251.0
madvorak/duality,madvorak,duality,9,1,0.0009386245415458198,78,leanprover/lean4:v4.18.0,https://github.com/madvorak/duality,251.33333333333334
leanprover-community/llm,leanprover-community,llm,28,0,0.0008650948644855007,230,leanprover/lean4:v4.10.0-rc2,https://github.com/leanprover-community/llm,251.66666666666666
arademaker/vizagrams,arademaker,vizagrams,5,0,0.0008650948644855007,36,leanprover/lean4:v4.20.0-rc5,https://github.com/arademaker/vizagrams,251.66666666666666
itsalissonsilva/LeanML,itsalissonsilva,LeanML,2,0,0.0008650948644855007,20,leanprover/lean4:v4.30.0-rc1,https://github.com/itsalissonsilva/lean-ml,253.0
smmercuri/adele-ring_locally-compact,smmercuri,adele-ring_locally-compact,2,0,0.0008650948644855007,20,leanprover/lean4:v4.10.0-rc2,https://github.com/smmercuri/adele-ring_locally-compact,253.0
riccardobrasca/lFTCM2024,riccardobrasca,lFTCM2024,11,0,0.0008650948644855007,95,leanprover/lean4:v4.7.0,https://github.com/riccardobrasca/LFTCM2024,256.0
AnirudhG07/huffman,AnirudhG07,huffman,2,0,0.0008650948644855007,21,leanprover/lean4:v4.30.0-rc1,https://github.com/AnirudhG07/LeanHuffmanCoding,256.6666666666667
vikraman/event-structures,vikraman,event-structures,2,0,0.0008650948644855007,21,leanprover/lean4:v4.28.1,https://github.com/vikraman/event-structures,256.6666666666667
Bergschaf/banach_tarski,Bergschaf,banach_tarski,12,0,0.0008650948644855007,115,leanprover/lean4:v4.10.0-rc2,https://github.com/Bergschaf/banach-tarski,257.3333333333333
madvorak/vcsp,madvorak,vcsp,9,0,0.0008650948644855007,78,leanprover/lean4:v4.18.0,https://github.com/madvorak/vcsp,258.0
AeneasVerif/tutorial,AeneasVerif,tutorial,11,0,0.0008650948644855007,101,leanprover/lean4:v4.11.0-rc2,https://github.com/AeneasVerif/icfp-tutorial,258.3333333333333
tani/LiterateLean,tani,LiterateLean,8,0,0.0008650948644855007,64,leanprover/lean4:v4.28.0,https://github.com/tani/literate-lean,258.3333333333333
CAIMEOX/json-schema,CAIMEOX,json-schema,8,0,0.0008650948644855007,64,leanprover/lean4:v4.25.1,https://github.com/CAIMEOX/json-schema-lean,258.3333333333333
argumentcomputer/YatimaStdLib,argumentcomputer,YatimaStdLib,9,0,0.0008650948644855007,80,leanprover/lean4:v4.4.0-rc1,https://github.com/argumentcomputer/YatimaStdLib.lean,258.6666666666667
ocfnash/lie-classification,ocfnash,lie-classification,5,0,0.0008650948644855007,41,leanprover/lean4:v4.29.0-rc8,https://github.com/ocfnash/LieClassification,259.0
DhyeyMavani2003/chip-firing-with-lean,DhyeyMavani2003,chip-firing-with-lean,5,0,0.0008650948644855007,41,leanprover/lean4:v4.29.0,https://github.com/DhyeyMavani2003/chip-firing-with-lean,259.0
paulcadman/lean-effects,paulcadman,lean-effects,5,0,0.0008650948644855007,41,leanprover/lean4:v4.29.0,https://github.com/paulcadman/lean-effects,259.0
Koukyosyumei/runwai_project,Koukyosyumei,runwai_project,6,0,0.0008650948644855007,49,leanprover/lean4:v4.24.0,https://github.com/Koukyosyumei/Runwai,259.6666666666667
hgoldstein95/palamedes,hgoldstein95,palamedes,4,0,0.0008650948644855007,35,leanprover/lean4:v4.24.0,https://github.com/hgoldstein95/palamedes-lean,260.0
gdncc/cryptography,gdncc,cryptography,10,0,0.0008650948644855007,90,leanprover/lean4:v4.27.0,https://github.com/gdncc/Cryptography,260.0
zkcrypto/cryptolib,zkcrypto,cryptolib,6,0,0.0008650948644855007,50,leanprover/lean4:v4.19.0-rc2,https://github.com/zkcrypto/cryptolib,260.6666666666667
FLDutchmann/selbergSieve,FLDutchmann,selbergSieve,4,0,0.0008650948644855007,36,leanprover/lean4:v4.7.0-rc2,https://github.com/FLDutchmann/selberg-sieve4,261.6666666666667
Seasawher/import-all,Seasawher,import-all,5,0,0.0008650948644855007,43,leanprover/lean4:v4.30.0-rc1,https://github.com/Seasawher/import-all,261.6666666666667
JamesGallicchio/leancolls,JamesGallicchio,leancolls,32,0,0.0008650948644855007,372,leanprover/lean4:v4.13.0,https://github.com/JamesGallicchio/LeanColls,262.0
AlexKontorovich/CoveringSpacesProject,AlexKontorovich,CoveringSpacesProject,3,0,0.0008650948644855007,30,leanprover/lean4:v4.29.0-rc8,https://github.com/AlexKontorovich/CoveringSpacesProject,262.0
Luka-O/polya-enumeration-theorem,Luka-O,polya-enumeration-theorem,21,0,0.0008650948644855007,246,leanprover/lean4:v4.14.0-rc2,https://github.com/Luka-O/polya-enumeration-theorem,262.3333333333333
argumentcomputer/FFaCiL.lean,argumentcomputer,FFaCiL.lean,14,0,0.0008650948644855007,149,leanprover/lean4:nightly-2023-01-10,https://github.com/argumentcomputer/FFaCiL.lean,262.6666666666667
VTrelat/ZFLean,VTrelat,ZFLean,5,0,0.0008650948644855007,44,leanprover/lean4:v4.27.0,https://github.com/VTrelat/ZFLean,262.6666666666667
girving/ray-series,girving,ray-series,13,1,0.0009263695953691,147,leanprover/lean4:v4.26.0-rc2,https://github.com/girving/series,263.3333333333333
pnwamk/lean4-assert-command,pnwamk,lean4-assert-command,10,0,0.0008650948644855007,97,,https://github.com/pnwamk/lean4-assert-command,264.0
peabrainiac/CatDG,peabrainiac,CatDG,3,0,0.0008650948644855007,31,leanprover/lean4:v4.29.0,https://github.com/peabrainiac/lean-catdg,264.3333333333333
monsterkrampe/PossiblyInfiniteTrees,monsterkrampe,PossiblyInfiniteTrees,2,1,0.001600391635088692,31,leanprover/lean4:v4.29.0,https://github.com/monsterkrampe/Possibly-Infinite-Trees,264.3333333333333
austinletson/use-lean-standard-action-with-bare-project,austinletson,use-lean-standard-action-with-bare-project,2,0,0.0008650948644855007,23,leanprover/lean4:v4.13.0,https://github.com/austinletson/use-lean-standard-action-with-bare-project,264.6666666666667
siddhartha-gadgil/lean-loris,siddhartha-gadgil,lean-loris,17,0,0.0008650948644855007,221,leanprover/lean4:v4.7.0,https://github.com/siddhartha-gadgil/lean-loris,265.0
arthurpaulino/LeanREPL,arthurpaulino,LeanREPL,14,0,0.0008650948644855007,156,leanprover/lean4:nightly-2022-07-31,https://github.com/arthurpaulino/LeanREPL,265.6666666666667
ecyrbe/lean-units,ecyrbe,lean-units,11,0,0.0008650948644855007,125,leanprover/lean4:v4.24.0,https://github.com/ecyrbe/lean-units,266.0
mhuisi/Uniq,mhuisi,Uniq,11,0,0.0008650948644855007,126,leanprover/lean4:nightly-2023-01-14,https://github.com/mhuisi/Uniq,266.3333333333333
or4nge19/NeuralNetworks,or4nge19,NeuralNetworks,9,0,0.0008650948644855007,92,leanprover/lean4:v4.24.0-rc1,https://github.com/or4nge19/NeuralNetworks,267.0
awodey/joyalRepresentationTheorem,awodey,joyalRepresentationTheorem,16,0,0.0008650948644855007,208,leanprover/lean4:v4.8.0-rc2,https://github.com/awodey/joyal,267.0
ixaxaar/monoid.space,ixaxaar,monoid.space,16,0,0.0008650948644855007,209,leanprover/lean4:v4.24.0-rc1,https://github.com/ixaxaar/monoid.space,267.3333333333333
goens/Hoare,goens,Hoare,3,0,0.0008650948644855007,32,leanprover/lean4:v4.22.0-rc2,https://github.com/goens/lean-hoare,267.3333333333333
arthur-adjedj/Leanduction,arthur-adjedj,Leanduction,5,0,0.0008650948644855007,49,leanprover/lean4:v4.28.0,https://github.com/arthur-adjedj/Leanduction,268.0
anoma/goose,anoma,goose,12,0,0.0008650948644855007,146,leanprover/lean4:v4.22.0,https://github.com/anoma/goose-lean,268.6666666666667
arthurpaulino/FxyLang,arthurpaulino,FxyLang,16,0,0.0008650948644855007,221,leanprover/lean4:nightly-2022-06-19,https://github.com/arthurpaulino/FxyLang,269.0
keilambda/ttfpi,keilambda,ttfpi,7,0,0.0008650948644855007,71,leanprover/lean4:v4.13.0,https://github.com/keilambda/ttfpi,269.6666666666667
lecopivo/leanblas,lecopivo,leanblas,8,1,0.0009386245415458198,92,leanprover/lean4:v4.28.0-rc1,https://github.com/lecopivo/LeanBLAS,270.0
lean-machines-central/lean-machines-examples,lean-machines-central,lean-machines-examples,6,0,0.0008650948644855007,63,leanprover/lean4:v4.23.0-rc2,https://github.com/lean-machines-central/lean-machines-examples,272.0
hargup/http-client,hargup,http-client,3,0,0.0008650948644855007,34,leanprover/lean4:v4.25.2,https://github.com/hargup/lean-http-client,272.0
argumentcomputer/Lurk.lean,argumentcomputer,Lurk.lean,9,0,0.0008650948644855007,104,leanprover/lean4:nightly-2023-01-10,https://github.com/argumentcomputer/Lurk.lean,272.6666666666667
ionathanch/CBPV,ionathanch,CBPV,4,0,0.0008650948644855007,44,leanprover/lean4:v4.28.0,https://github.com/ionathanch/CBPV,272.6666666666667
jeswr/RustFFI,jeswr,RustFFI,8,0,0.0008650948644855007,89,leanprover/lean4:v4.6.0-rc1,https://github.com/jeswr/RDF.lean,274.3333333333333
znssong/Frucht,znssong,Frucht,5,0,0.0008650948644855007,54,leanprover/lean4:v4.29.0-rc4,https://github.com/znssong/Frucht,274.6666666666667
argumentcomputer/Http.lean,argumentcomputer,Http.lean,12,0,0.0008650948644855007,163,leanprover/lean4:nightly-2022-09-11,https://github.com/argumentcomputer/Http.lean,274.6666666666667
Shreyas4991/DGAlgorithms,Shreyas4991,DGAlgorithms,6,0,0.0008650948644855007,66,leanprover/lean4:v4.28.0,https://github.com/Shreyas4991/DGAlgorithms,274.6666666666667
b-mehta/AharoniKorman,b-mehta,AharoniKorman,12,0,0.0008650948644855007,164,leanprover/lean4:v4.16.0-rc2,https://github.com/b-mehta/AharoniKorman,275.0
dagurtomas/LeanCondensed,dagurtomas,LeanCondensed,5,0,0.0008650948644855007,55,leanprover/lean4:v4.28.0-rc1,https://github.com/dagurtomas/LeanCondensed,276.0
somombo/quicksort,somombo,quicksort,5,0,0.0008650948644855007,56,leanprover/lean4:v4.14.0,https://github.com/somombo/formalized-quicksort,276.3333333333333
imbrem/DeBruijnSSA,imbrem,DeBruijnSSA,11,0,0.0008650948644855007,152,leanprover/lean4:v4.15.0-rc1,https://github.com/imbrem/debruijn-ssa,277.3333333333333
Dominique-Lawson/lean_4,Dominique-Lawson,lean_4,4,0,0.0008650948644855007,50,leanprover/lean4:v4.6.0-rc1,https://github.com/Dominique-Lawson/Directed-Topology-Lean-4,279.0
AxiomMath/PartialRegularity,AxiomMath,PartialRegularity,4,0,0.0008650948644855007,50,leanprover/lean4:v4.26.0,https://github.com/AxiomMath/partial-regularity,279.0
Seasawher/mk-exercise,Seasawher,mk-exercise,8,2,0.0011837234650802168,143,leanprover/lean4:v4.26.0-rc2,https://github.com/Seasawher/mk-exercise,279.6666666666667
BRonen/sqlite,BRonen,sqlite,11,0,0.0008650948644855007,177,leanprover/lean4:v4.25.1,https://github.com/BRonen/sqlite-lean,282.0
quangvdao/Zklib,quangvdao,Zklib,19,0,0.0008650948644855007,395,leanprover/lean4:v4.15.0-rc1,https://github.com/quangvdao/ZKLib-deprecated,282.0
YaelDillies/MeanFourier,YaelDillies,MeanFourier,2,0,0.0008650948644855007,30,leanprover/lean4:v4.29.0,https://github.com/YaelDillies/mean-fourier,282.6666666666667
arthurpaulino/viper,arthurpaulino,viper,11,0,0.0008650948644855007,183,leanprover/lean4:v4.24.0,https://github.com/arthurpaulino/viper,283.6666666666667
marcellop71/redisLean,marcellop71,redisLean,7,0,0.0008650948644855007,91,leanprover/lean4:v4.27.0,https://github.com/marcellop71/redis-lean,284.0
mkaratarakis/HopfieldNet,mkaratarakis,HopfieldNet,7,0,0.0008650948644855007,93,leanprover/lean4:v4.27.0-rc1,https://github.com/mkaratarakis/HopfieldNet,285.3333333333333
bridgekat/filter-game,bridgekat,filter-game,7,0,0.0008650948644855007,96,leanprover/lean4:v4.28.0-rc1,https://github.com/bridgekat/filter-game,286.0
SamuelSchlesinger/sensitivity,SamuelSchlesinger,sensitivity,5,0,0.0008650948644855007,72,leanprover/lean4:v4.28.0,https://github.com/SamuelSchlesinger/sensitivity-conjecture,286.3333333333333
mtoohey31/tabular-types,mtoohey31,tabular-types,8,0,0.0008650948644855007,122,leanprover/lean4:v4.17.0,https://github.com/mtoohey31/tabular-types,286.6666666666667
YaelDillies/ChandraFurstLipton,YaelDillies,ChandraFurstLipton,3,0,0.0008650948644855007,44,leanprover/lean4:v4.29.0,https://github.com/YaelDillies/chandra-furst-lipton,287.0
andrejbauer/partial-combinatory-algebras,andrejbauer,partial-combinatory-algebras,14,0,0.0008650948644855007,326,leanprover/lean4:v4.15.0-rc1,https://github.com/andrejbauer/partial-combinatory-algebras,288.0
YijunYuan/HarderNarasimhan,YijunYuan,HarderNarasimhan,2,0,0.0008650948644855007,32,leanprover/lean4:v4.28.0,https://github.com/YijunYuan/HarderNarasimhan,288.0
chrisflav/bruhat-tits,chrisflav,bruhat-tits,6,0,0.0008650948644855007,86,leanprover/lean4:v4.19.0,https://github.com/chrisflav/bruhat-tits,289.0
riccardobrasca/Numbers,riccardobrasca,Numbers,9,0,0.0008650948644855007,151,leanprover/lean4:v4.22.0-rc2,https://github.com/riccardobrasca/Numbers,289.0
leanprover/LeroyCompilerVerificationCourse,leanprover,LeroyCompilerVerificationCourse,10,0,0.0008650948644855007,190,leanprover/lean4:v4.23.0-rc2,https://github.com/leanprover/LeroyCompilerVerificationCourse,291.3333333333333
juhp/curljson,juhp,curljson,3,0,0.0008650948644855007,47,leanprover/lean4:v4.29.0,https://github.com/juhp/curl-json-lean,291.6666666666667
remimimimimi/leansec,remimimimimi,leansec,9,0,0.0008650948644855007,160,leanprover/lean4:v4.20.0-rc5,https://github.com/remimimimimi/leansec,292.0
a2435191/logic-formalization,a2435191,logic-formalization,12,0,0.0008650948644855007,310,leanprover/lean4:v4.20.0-rc5,https://github.com/a2435191/lean-logic-formalization,294.3333333333333
Rickerd1234/RelationalAlgebra,Rickerd1234,RelationalAlgebra,4,0,0.0008650948644855007,67,leanprover/lean4:v4.24.0,https://github.com/Rickerd1234/RelationalAlgebra,294.3333333333333
frenzymath/FATE-H,frenzymath,FATE-H,3,0,0.0008650948644855007,51,leanprover/lean4:v4.28.0,https://github.com/frenzymath/FATE-H,295.0
hargoniX/Flame,hargoniX,Flame,10,0,0.0008650948644855007,217,leanprover/lean4:nightly-2023-02-12,https://github.com/hargoniX/Flame,295.0
keilambda/eocia-lean,keilambda,eocia-lean,5,0,0.0008650948644855007,83,leanprover/lean4:v4.16.0-rc2,https://github.com/keilambda/eocia-lean,295.6666666666667
roos-j/BooleanFun,roos-j,BooleanFun,4,0,0.0008650948644855007,72,leanprover/lean4:v4.16.0-rc2,https://github.com/roos-j/lean-booleanfun,296.3333333333333
int-y1/proofs,int-y1,proofs,2,0,0.0008650948644855007,36,leanprover/lean4:v4.29.0-rc8,https://github.com/int-y1/proofs,296.6666666666667
GasStationManager/FormalizeWithTest,GasStationManager,FormalizeWithTest,7,0,0.0008650948644855007,130,leanprover/lean4:v4.13.0,https://github.com/GasStationManager/FormalizeWithTest,297.6666666666667
0art0/kimina,0art0,kimina,11,0,0.0008650948644855007,290,leanprover/lean4:v4.18.0,https://github.com/0art0/kimina,297.6666666666667
pannous/Hyper,pannous,Hyper,3,0,0.0008650948644855007,54,leanprover/lean4:v4.27.0,https://github.com/pannous/hyper-lean,299.0
pitmonticone/CHANGE,pitmonticone,CHANGE,4,0,0.0008650948644855007,76,leanprover/lean4:v4.24.0,https://github.com/pitmonticone/LeanCHANGE,299.3333333333333
argumentcomputer/ZKSnark.lean,argumentcomputer,ZKSnark.lean,8,0,0.0008650948644855007,152,leanprover/lean4:nightly-2022-06-14,https://github.com/argumentcomputer/ZKSnark.lean,299.3333333333333
nomeata/wfinduct,nomeata,wfinduct,17,0,0.0008650948644855007,758,leanprover/lean4:nightly-2024-02-02,https://github.com/nomeata/lean-wf-induct,300.0
LieLean/Lie,LieLean,Lie,9,0,0.0008650948644855007,218,leanprover/lean4:v4.19.0,https://github.com/LieLean/LowDimSolvClassification,300.6666666666667
bkase/VerifiedGPU,bkase,VerifiedGPU,7,0,0.0008650948644855007,140,leanprover/lean4:v4.25.0-rc2,https://github.com/bkase/verified-gpu,301.6666666666667
girafe-ai/formalising-mathematics,girafe-ai,formalising-mathematics,7,0,0.0008650948644855007,141,leanprover/lean4:v4.16.0,https://github.com/girafe-ai/lean-course,302.0
Izzimach/pteffects,Izzimach,pteffects,11,0,0.0008650948644855007,330,leanprover/lean4:v4.3.0,https://github.com/Izzimach/EffSpec-lean,302.3333333333333
lecopivo/lean4-karray,lecopivo,lean4-karray,13,0,0.0008650948644855007,488,leanprover/lean4:nightly-2022-01-19,https://github.com/lecopivo/lean4-karray,302.6666666666667
arthurpaulino/LeanMusic,arthurpaulino,LeanMusic,9,0,0.0008650948644855007,226,leanprover/lean4:nightly-2021-12-28,https://github.com/arthurpaulino/LeanMusic,302.6666666666667
algebraic-dev/Colorized,algebraic-dev,Colorized,5,0,0.0008650948644855007,98,leanprover/lean4:stable,https://github.com/algebraic-dev/colorized,303.3333333333333
sysghent/riddle-proofs,sysghent,riddle-proofs,7,0,0.0008650948644855007,145,leanprover/lean4:v4.22.0-rc3,https://github.com/sysghent/learn-lean-riddles,303.3333333333333
ImperialCollegeLondon/M1F-explained,ImperialCollegeLondon,M1F-explained,11,0,0.0008650948644855007,350,leanprover/lean4:nightly-2023-08-05,https://github.com/ImperialCollegeLondon/M1F-explained,304.3333333333333
Deducteam/Lean2Dk,Deducteam,Lean2Dk,8,0,0.0008650948644855007,178,leanprover/lean4:v4.22.0-rc4,https://github.com/Deducteam/lean2dk,304.3333333333333
suomela/Distributed2Coloring,suomela,Distributed2Coloring,3,0,0.0008650948644855007,63,leanprover/lean4:v4.28.0,https://github.com/suomela/2-coloring-1-round,304.6666666666667
Bergschaf/Localic-Caratheodory-Extensions,Bergschaf,Localic-Caratheodory-Extensions,3,0,0.0008650948644855007,63,leanprover/lean4:v4.28.0-rc1,https://github.com/Bergschaf/Localic-Caratheodory-Extensions,304.6666666666667
jonwashburn/Riemann,jonwashburn,Riemann,2,0,0.0008650948644855007,42,leanprover/lean4:v4.27.0-rc1,https://github.com/jonwashburn/riemann,305.3333333333333
AdrienChampion/collChoSoWel,AdrienChampion,collChoSoWel,5,0,0.0008650948644855007,103,leanprover/lean4:nightly-2023-09-02,https://github.com/AdrienChampion/collChoSoWel,306.0
rahul3613/miniF2F-lean4,rahul3613,miniF2F-lean4,7,0,0.0008650948644855007,150,leanprover/lean4:v4.6.0,https://github.com/rahul3613/miniF2F-lean4,306.0
YaelDillies/ForbiddenMatrix,YaelDillies,ForbiddenMatrix,2,0,0.0008650948644855007,44,leanprover/lean4:v4.29.0,https://github.com/YaelDillies/forbidden-matrix,307.6666666666667
girving/render,girving,render,6,0,0.0008650948644855007,135,leanprover/lean4:v4.27.0-rc1,https://github.com/girving/ray-render,308.3333333333333
hargoniX/cpdt-lean,hargoniX,cpdt-lean,13,0,0.0008650948644855007,597,leanprover/lean4:nightly-2022-06-05,https://github.com/hargoniX/cpdt-lean,308.6666666666667
ValorZard/lean-sdl-test,ValorZard,lean-sdl-test,3,0,0.0008650948644855007,68,leanprover/lean4:v4.23.0,https://github.com/ValorZard/lean-sdl-test,309.0
urkud/SardMoreira,urkud,SardMoreira,6,0,0.0008650948644855007,138,leanprover/lean4:v4.27.0-rc1,https://github.com/urkud/SardMoreira,309.0
lambda-fairy/taleve,lambda-fairy,taleve,3,0,0.0008650948644855007,68,leanprover/lean4:v4.23.0-rc2,https://github.com/lambda-fairy/taleve,309.0
riccardobrasca/Kaplansky4,riccardobrasca,Kaplansky4,6,0,0.0008650948644855007,139,leanprover/lean4:v4.26.0-rc1,https://github.com/riccardobrasca/kaplanski4,309.3333333333333
Hagb/lean-groebner,Hagb,lean-groebner,9,0,0.0008650948644855007,290,leanprover/lean4:nightly-2023-06-10,https://github.com/Hagb/lean-groebner,310.0
Mintpath/p_ne_np,Mintpath,p_ne_np,2,0,0.0008650948644855007,46,leanprover/lean4:v4.28.0,https://github.com/Mintpath/p-neq-np-lean,311.0
avigad/LeanSudoku,avigad,LeanSudoku,8,0,0.0008650948644855007,226,leanprover/lean4:v4.13.0-rc3,https://github.com/avigad/LeanSudoku,312.3333333333333
katydid/sadol,katydid,sadol,10,0,0.0008650948644855007,370,leanprover/lean4:v4.14.0,https://github.com/katydid/regex-deriv-reproving-agda-in-lean,312.3333333333333
T-Brick/controlflow,T-Brick,controlflow,7,0,0.0008650948644855007,179,leanprover/lean4:v4.25.0,https://github.com/T-Brick/ControlFlow,312.6666666666667
Oscario0/LeanBisection,Oscario0,LeanBisection,3,0,0.0008650948644855007,75,leanprover/lean4:v4.29.0-rc2,https://github.com/Oscario0/LeanBisection,313.0
dannypsnl/violet,dannypsnl,violet,12,0,0.0008650948644855007,601,leanprover/lean4:v4.2.0,https://github.com/dannypsnl/violet-legacy,313.6666666666667
Beneficial-AI-Foundation/NumpySpec,Beneficial-AI-Foundation,NumpySpec,3,0,0.0008650948644855007,76,leanprover/lean4:nightly,https://github.com/Beneficial-AI-Foundation/NumpySpec,313.6666666666667
Gusarich/tvm-lean,Gusarich,tvm-lean,3,0,0.0008650948644855007,76,leanprover/lean4:v4.24.0,https://github.com/Gusarich/tvm-lean,313.6666666666667
FormalizedFormalLogic/incompleteness,FormalizedFormalLogic,incompleteness,8,0,0.0008650948644855007,233,leanprover/lean4:v4.16.0-rc2,https://github.com/FormalizedFormalLogic/Incompleteness,314.0
wvhulle/ennreal-arith,wvhulle,ennreal-arith,4,1,0.0009386245415458198,122,leanprover/lean4:v4.22.0-rc3,https://github.com/wvhulle/ennreal-arith,314.0
parabamoghv/Symm,parabamoghv,Symm,4,0,0.0008650948644855007,102,leanprover/lean4:v4.7.0,https://github.com/parabamoghv/DashedMonoids,315.0
Bergschaf/LeanBanachTarski,Bergschaf,LeanBanachTarski,6,0,0.0008650948644855007,155,leanprover/lean4:v4.25.0-rc2,https://github.com/Bergschaf/lean-banach-tarski,316.3333333333333
mdbrnowski/Apportionmentlib,mdbrnowski,Apportionmentlib,2,0,0.0008650948644855007,52,leanprover/lean4:v4.28.0,https://github.com/mdbrnowski/apportionmentlib,317.0
hwatheod/galeShapley,hwatheod,galeShapley,2,0,0.0008650948644855007,52,leanprover/lean4:v4.29.0-rc7,https://github.com/hwatheod/galeshapley-lean,317.0
adamtopaz/NodeGraph,adamtopaz,NodeGraph,9,0,0.0008650948644855007,360,leanprover/lean4:v4.20.0-rc5,https://github.com/adamtopaz/NodeGraph,317.3333333333333
Linyxus/capless,Linyxus,capless,4,0,0.0008650948644855007,106,leanprover/lean4:v4.21.0-rc3,https://github.com/Linyxus/capless-lean,317.6666666666667
KislyjKisel/pod,KislyjKisel,pod,6,1,0.0012327432497870963,268,leanprover/lean4-nightly:nightly-2025-04-27,https://github.com/KislyjKisel/lean-pod,317.6666666666667
wupr/order-p-q,wupr,order-p-q,4,0,0.0008650948644855007,115,leanprover/lean4:v4.15.0,https://github.com/wupr/order-p-q,318.6666666666667
JamesGallicchio/Http,JamesGallicchio,Http,8,1,0.0011101937880198978,471,leanprover/lean4:v4.5.0-rc1,https://github.com/JamesGallicchio/http,318.6666666666667
fgdorais/logic,fgdorais,logic,2,1,0.0011101937880198978,73,leanprover/lean4:v4.29.0-rc3,https://github.com/fgdorais/logic4,318.6666666666667
JJYYY-JJY/NormalForms,JJYYY-JJY,NormalForms,2,0,0.0008650948644855007,54,leanprover/lean4:v4.28.0,https://github.com/JJYYY-JJY/lean-normal-forms,319.6666666666667
compiler64/Monad,compiler64,Monad,3,0,0.0008650948644855007,83,leanprover/lean4:v4.29.0-rc1,https://github.com/compiler64/category-theory-notes,320.0
girving/bottcher,girving,bottcher,5,0,0.0008650948644855007,146,leanprover/lean4:v4.26.0-rc2,https://github.com/girving/bottcher,320.0
siddhartha-gadgil/pnP2023,siddhartha-gadgil,pnP2023,9,0,0.0008650948644855007,392,leanprover/lean4:v4.7.0,https://github.com/siddhartha-gadgil/proofs-and-programs-2023,320.0
marcusrossel/lean_snakebird,marcusrossel,lean_snakebird,7,0,0.0008650948644855007,226,leanprover/lean4:v4.8.0-rc1,https://github.com/marcusrossel/lean-snakebird,320.0
vbeffara/rMT4,vbeffara,rMT4,4,0,0.0008650948644855007,124,leanprover/lean4:v4.26.0,https://github.com/vbeffara/RMT4,321.3333333333333
anoma/juvix-lean,anoma,juvix-lean,6,0,0.0008650948644855007,191,leanprover/lean4:v4.19.0-rc2,https://github.com/anoma/juvix-lean,322.3333333333333
leanprover/leanbv,leanprover,leanbv,11,0,0.0008650948644855007,711,leanprover/lean4:v4.6.0-rc1,https://github.com/leanprover/leanbv,322.3333333333333
bjoernkjoshanssen/interest,bjoernkjoshanssen,interest,3,0,0.0008650948644855007,90,leanprover/lean4:v4.27.0-rc1,https://github.com/bjoernkjoshanssen/interest,323.3333333333333
alok/LeanBench,alok,LeanBench,3,0,0.0008650948644855007,92,leanprover/lean4:v4.27.0-rc1,https://github.com/alok/LeanBench,325.0
siddhartha-gadgil/Polylean,siddhartha-gadgil,Polylean,8,0,0.0008650948644855007,346,leanprover/lean4:v4.19.0-rc3,https://github.com/siddhartha-gadgil/Polylean,326.0
oOo0oOo/LeanRPC,oOo0oOo,LeanRPC,5,0,0.0008650948644855007,165,leanprover/lean4:v4.25.0,https://github.com/oOo0oOo/LeanRPC,326.6666666666667
jessealama/lint-llm-proofs,jessealama,lint-llm-proofs,2,1,0.0011101937880198978,84,leanprover/lean4:v4.26.0,https://github.com/jessealama/lint-llm-proofs,327.3333333333333
tsurumi-yizhou/SPG,tsurumi-yizhou,SPG,2,0,0.0008650948644855007,66,leanprover/lean4:v4.29.0-rc4,https://github.com/tsurumi-yizhou/SPG,328.0
glams-lean-2024/Formal2024,glams-lean-2024,Formal2024,9,0,0.0008650948644855007,588,leanprover/lean4:v4.7.0,https://github.com/glams-lean-2024/formal-2024,329.6666666666667
DavePearce/LeanEVM,DavePearce,LeanEVM,10,0,0.0008650948644855007,716,leanprover/lean4:v4.8.0-rc2,https://github.com/DavePearce/LeanEVM,329.6666666666667
fgdorais/algebra,fgdorais,algebra,2,0,0.0008650948644855007,72,leanprover/lean4:v4.29.0-rc3,https://github.com/fgdorais/algebra4,331.3333333333333
alok/ConvolutedProofs,alok,ConvolutedProofs,3,0,0.0008650948644855007,105,leanprover/lean4:v4.22.0-rc4,https://github.com/alok/ConvolutedProofs,331.6666666666667
algebraic-dev/Parse,algebraic-dev,Parse,9,0,0.0008650948644855007,639,leanprover/lean4:v4.8.0,https://github.com/algebraic-dev/parse,332.0
T-Brick/numbers,T-Brick,numbers,4,1,0.000946794505663633,181,leanprover/lean4:v4.25.0,https://github.com/T-Brick/Numbers,332.0
ATOMSLab/DimensionalAnalysis,ATOMSLab,DimensionalAnalysis,5,0,0.0008650948644855007,212,leanprover/lean4:v4.23.0-rc2,https://github.com/ATOMSLab/LeanDimensionalAnalysis,333.6666666666667
pitmonticone/Hochster,pitmonticone,Hochster,2,0,0.0008650948644855007,76,leanprover/lean4:v4.15.0-rc1,https://github.com/pitmonticone/Hochster,334.3333333333333
lf-lang/reactor-model,lf-lang,reactor-model,5,0,0.0008650948644855007,218,leanprover/lean4:v4.24.0-rc1,https://github.com/lf-lang/reactor-model,334.3333333333333
chrisflav/db,chrisflav,db,3,0,0.0008650948644855007,119,leanprover/lean4:v4.27.0-rc1,https://github.com/chrisflav/db,334.6666666666667
vasnesterov/HadwigerNelson,vasnesterov,HadwigerNelson,8,0,0.0008650948644855007,522,leanprover/lean4:nightly-2024-07-11,https://github.com/vasnesterov/HadwigerNelson,335.3333333333333
Geoc2022/Game,Geoc2022,Game,3,0,0.0008650948644855007,124,leanprover/lean4:v4.23.0,https://github.com/Geoc2022/AlgebraGame,335.6666666666667
argumentcomputer/Poseidon.lean,argumentcomputer,Poseidon.lean,8,0,0.0008650948644855007,542,leanprover/lean4:nightly-2023-01-10,https://github.com/argumentcomputer/Poseidon.lean,336.3333333333333
themathqueen/Monlib,themathqueen,Monlib,3,0,0.0008650948644855007,128,leanprover/lean4:v4.21.0-rc3,https://github.com/themathqueen/monlib4,337.0
rah4927/lean-dojo-mew,rah4927,lean-dojo-mew,8,0,0.0008650948644855007,555,leanprover/lean4:nightly-2023-08-19,https://github.com/rah4927/lean-dojo-mew,337.0
andrejbauer/lean2sexp,andrejbauer,lean2sexp,7,0,0.0008650948644855007,388,leanprover/lean4:nightly,https://github.com/andrejbauer/lean2sexp,337.0
jtristan/UnicodeSkipListTable,jtristan,UnicodeSkipListTable,6,1,0.001600391635088692,654,leanprover/lean4:v4.10.0-rc2,https://github.com/jtristan/UnicodeSkipListTable,337.3333333333333
argumentcomputer/Straume,argumentcomputer,Straume,6,0,0.0008650948644855007,329,leanprover/lean4:v4.4.0,https://github.com/argumentcomputer/straume,339.3333333333333
kkaunda/Project,kkaunda,Project,3,0,0.0008650948644855007,134,leanprover/lean4:v4.21.0-rc3,https://github.com/kkaunda/spgf,340.3333333333333
frenzymath/FATE-M,frenzymath,FATE-M,2,0,0.0008650948644855007,81,leanprover/lean4:v4.28.0,https://github.com/frenzymath/FATE-M,340.3333333333333
bergmannjg/time,bergmannjg,time,6,0,0.0008650948644855007,338,leanprover/lean4:v4.20.0,https://github.com/bergmannjg/time,340.6666666666667
atlas-computing-org/coq_lean_translation,atlas-computing-org,coq_lean_translation,5,0,0.0008650948644855007,274,leanprover/lean4:v4.5.0-rc1,https://github.com/atlas-computing-org/CoqLeanTranslation,343.0
matematiflo/leanproject,matematiflo,leanproject,5,0,0.0008650948644855007,308,leanprover/lean4:v4.10.0-rc2,https://github.com/matematiflo/CompAssistedMath2024,345.0
todbeibrot/mrdi,todbeibrot,mrdi,4,0,0.0008650948644855007,221,leanprover/lean4:v4.7.0,https://github.com/todbeibrot/Lean-Oscar,345.0
adomani/advents,adomani,advents,3,0,0.0008650948644855007,148,leanprover/lean4:v4.26.0-rc2,https://github.com/adomani/advents,346.0
kim-em/lean-finmap,kim-em,lean-finmap,4,0,0.0008650948644855007,226,leanprover/lean4:nightly-2025-08-19,https://github.com/kim-em/lean-finmap,346.3333333333333
pimpale/LLM.lean,pimpale,LLM.lean,6,0,0.0008650948644855007,402,leanprover/lean4:v4.17.0,https://github.com/pimpale/llm.lean,346.3333333333333
argumentcomputer/Ipld.lean,argumentcomputer,Ipld.lean,8,0,0.0008650948644855007,883,leanprover/lean4:nightly-2023-01-10,https://github.com/argumentcomputer/Ipld.lean,346.6666666666667
JLimperg/regensburg-itp-school-2023,JLimperg,regensburg-itp-school-2023,7,0,0.0008650948644855007,597,leanprover/lean4:v4.0.0,https://github.com/JLimperg/regensburg-itp-school-2023,347.6666666666667
Izzimach/lean-glfw,Izzimach,lean-glfw,3,0,0.0008650948644855007,152,leanprover/lean4:nightly-2022-02-21,https://github.com/Izzimach/lean-glfw,347.6666666666667
siddhartha-gadgil/LeanLion,siddhartha-gadgil,LeanLion,3,0,0.0008650948644855007,152,leanprover/lean4:v4.22.0,https://github.com/siddhartha-gadgil/LeanLion,347.6666666666667
pawelsberg/LeanDirectoryBrowser,pawelsberg,LeanDirectoryBrowser,2,0,0.0008650948644855007,102,leanprover/lean4:stable,https://github.com/pawelsberg/lean-directory-browser,350.0
shunghsiyu/toy-verifier,shunghsiyu,toy-verifier,2,0,0.0008650948644855007,102,leanprover/lean4:v4.25.0,https://github.com/shunghsiyu/toy-verifier,350.0
imbrem/discretion,imbrem,discretion,4,1,0.0009386245415458198,316,leanprover/lean4:v4.20.0-rc5,https://github.com/imbrem/discretion,350.0
anurudhp/aoc2022,anurudhp,aoc2022,6,0,0.0008650948644855007,504,,https://github.com/anurudhp/aoc2022,350.6666666666667
madvorak/Koch,madvorak,Koch,4,0,0.0008650948644855007,262,leanprover/lean4:v4.7.0,https://github.com/madvorak/lean4-koch,351.3333333333333
lindy-labs/corelib_verification,lindy-labs,corelib_verification,4,1,0.000946794505663633,338,leanprover/lean4:v4.20.0-rc5,https://github.com/lindy-labs/corelib_verification,351.6666666666667
AlexLoitzl/pumping_cfg,AlexLoitzl,pumping_cfg,3,0,0.0008650948644855007,174,leanprover/lean4:v4.15.0-rc1,https://github.com/AlexLoitzl/pumping_cfg,352.0
TristanCacqueray/gen-zmk,TristanCacqueray,gen-zmk,3,0,0.0008650948644855007,178,leanprover/lean4:v4.9.0,https://github.com/TristanCacqueray/gen-zmk,352.6666666666667
nasqret/fineqs,nasqret,fineqs,2,0,0.0008650948644855007,109,leanprover/lean4:v4.24.0,https://github.com/nasqret/fineqs,353.3333333333333
physicslib/Physicslib,physicslib,Physicslib,2,0,0.0008650948644855007,115,leanprover/lean4:v4.23.0-rc2,https://github.com/physicslib/physicslib4,353.6666666666667
gsierra99/ExFormMathL4,gsierra99,ExFormMathL4,2,0,0.0008650948644855007,115,leanprover/lean4:v4.17.0-rc1,https://github.com/gsierra99/ExFormMathL4,353.6666666666667
fpvandoorn/Seminar,fpvandoorn,Seminar,4,0,0.0008650948644855007,297,leanprover/lean4:v4.13.0-rc3,https://github.com/fpvandoorn/BonnLeanSeminar,354.3333333333333
JobPetrovcic/ArtinWedderburn,JobPetrovcic,ArtinWedderburn,4,0,0.0008650948644855007,304,leanprover/lean4:v4.14.0-rc2,https://github.com/JobPetrovcic/ArtinWedderburn,354.6666666666667
alok/AsciiPlot,alok,AsciiPlot,4,0,0.0008650948644855007,309,leanprover/lean4-nightly:nightly-2025-01-31,https://github.com/alok/AsciiPlot,355.3333333333333
SchrodingerZhu/lean-gccjit,SchrodingerZhu,lean-gccjit,7,0,0.0008650948644855007,931,leanprover/lean4:v4.1.0,https://github.com/SchrodingerZhu/lean-gccjit,356.0
fpvandoorn/LogicColloquiumTutorial,fpvandoorn,LogicColloquiumTutorial,4,0,0.0008650948644855007,313,leanprover/lean4:nightly-2023-06-20,https://github.com/fpvandoorn/LogicColloquiumTutorial,356.0
matematiflo/SumSq,matematiflo,SumSq,3,0,0.0008650948644855007,202,leanprover/lean4:v4.10.0-rc2,https://github.com/matematiflo/SumsOfSquares,356.3333333333333
fpvandoorn/HausdorffSchoolLean,fpvandoorn,HausdorffSchoolLean,6,0,0.0008650948644855007,600,leanprover/lean4:v4.0.0,https://github.com/fpvandoorn/HausdorffSchoolLean,356.3333333333333
hargoniX/mini-redis,hargoniX,mini-redis,4,0,0.0008650948644855007,315,leanprover/lean4-pr-releases:pr-release-8003,https://github.com/hargoniX/mini-redis,356.3333333333333
functionally/Crypto,functionally,Crypto,3,0,0.0008650948644855007,203,leanprover/lean4:v4.7.0,https://github.com/functionally/crypto-lean4,357.0
alok/Leantix,alok,Leantix,2,0,0.0008650948644855007,128,leanprover/lean4-nightly:nightly-2025-06-09,https://github.com/alok/Leantix,357.6666666666667
NethermindEth/ff,NethermindEth,ff,2,0,0.0008650948644855007,128,leanprover/lean4:v4.22.0-rc2,https://github.com/NethermindEth/FF_CVC5_Lean,357.6666666666667
jtristan/UnicodeSkipListTableExample,jtristan,UnicodeSkipListTableExample,6,0,0.0008650948644855007,654,leanprover/lean4:v4.10.0-rc2,https://github.com/jtristan/UnicodeSkipListTableExample,358.0
alok/tetraGray,alok,tetraGray,2,0,0.0008650948644855007,132,leanprover/lean4:nightly,https://github.com/alok/TetraGray,359.3333333333333
utensil/LeanBlueprintExample,utensil,LeanBlueprintExample,5,0,0.0008650948644855007,525,leanprover/lean4:v4.2.0-rc1,https://github.com/utensil/LeanBlueprintExample,359.6666666666667
alok/lean-autograd,alok,lean-autograd,2,0,0.0008650948644855007,133,leanprover/lean4:nightly,https://github.com/alok/lean-autograd,360.3333333333333
Xiyou-Wu/RiemannianGeometry,Xiyou-Wu,RiemannianGeometry,2,0,0.0008650948644855007,133,leanprover/lean4:v4.12.0,https://github.com/Xiyou-Wu/RiemannianGeometry,360.3333333333333
RikHeurter/BscThesisFormalisation,RikHeurter,BscThesisFormalisation,2,0,0.0008650948644855007,134,leanprover/lean4:v4.19.0-rc3,https://github.com/RikHeurter/LeanBscThesisFormalisation,361.0
utensil/GinacLean,utensil,GinacLean,5,0,0.0008650948644855007,583,leanprover/lean4:v4.8.0,https://github.com/utensil/ginac-lean,362.0
hdmkindom/mathmatic_in_elementary_number_th,hdmkindom,mathmatic_in_elementary_number_th,3,0,0.0008650948644855007,233,leanprover/lean4:v4.24.0-rc1,https://github.com/hdmkindom/mathmatic_in_elementary_number_th,362.3333333333333
HannahSantos/FMCn_Lean,HannahSantos,FMCn_Lean,3,0,0.0008650948644855007,234,leanprover/lean4:stable,https://github.com/HannahSantos/FMCn_Lean,363.0
jaalonso/Calculemus2_es,jaalonso,Calculemus2_es,2,0,0.0008650948644855007,142,leanprover/lean4:v4.15.0-rc1,https://github.com/jaalonso/Calculemus2_es,363.6666666666667
alok/HexLuthor,alok,HexLuthor,2,0,0.0008650948644855007,144,leanprover/lean4:v4.26.0-rc2,https://github.com/alok/HexLuthor,364.3333333333333
NUS-Math-Formalization/Game,NUS-Math-Formalization,Game,4,0,0.0008650948644855007,400,leanprover/lean4:v4.7.0,https://github.com/NUS-Math-Formalization/CalculusSkeleton,364.3333333333333
MohanadAhmed/LeanMathSigProc,MohanadAhmed,LeanMathSigProc,3,0,0.0008650948644855007,258,leanprover/lean4:v4.10.0,https://github.com/MohanadAhmed/LeanMathSigProc,364.6666666666667
anlucia/chromatic_polynomial,anlucia,chromatic_polynomial,4,0,0.0008650948644855007,416,leanprover/lean4:v4.11.0-rc1,https://github.com/anlucia/ChromaticPolynomial,365.6666666666667
datokrat/Iterator,datokrat,Iterator,3,0,0.0008650948644855007,266,leanprover/lean4:v4.20.0-rc5,https://github.com/datokrat/lean-iterators,366.0
alexf91/lean4-ctypes,alexf91,lean4-ctypes,4,0,0.0008650948644855007,427,leanprover/lean4:nightly-2023-11-21,https://github.com/alexf91/lean4-ctypes,366.0
kbuzzard/Game,kbuzzard,Game,5,0,0.0008650948644855007,645,leanprover/lean4:v4.7.0,https://github.com/kbuzzard/FilterGame,366.0
tdzl2003/geometry,tdzl2003,geometry,2,0,0.0008650948644855007,151,leanprover/lean4:v4.21.0,https://github.com/tdzl2003/LeanEuclid,367.6666666666667
Command-Master/pseudorandom,Command-Master,pseudorandom,4,0,0.0008650948644855007,555,leanprover/lean4:v4.7.0,https://github.com/Command-Master/lean-bourgain,371.0
argumentcomputer/Nova.lean,argumentcomputer,Nova.lean,3,0,0.0008650948644855007,317,leanprover/lean4:nightly-2023-01-10,https://github.com/argumentcomputer/Nova.lean,371.3333333333333
AdrienChampion/safeIdx,AdrienChampion,safeIdx,2,0,0.0008650948644855007,166,leanprover/lean4:v4.24.0,https://github.com/AdrienChampion/safeIdx,372.0
lua-vr/BirkhoffErgodicThm,lua-vr,BirkhoffErgodicThm,3,0,0.0008650948644855007,329,leanprover/lean4:v4.20.0-rc5,https://github.com/lua-vr/pointwise-birkhoff,372.0
Happyves/workshop,Happyves,workshop,4,0,0.0008650948644855007,585,leanprover/lean4:v4.12.0,https://github.com/Happyves/BerLean_Workshop,372.6666666666667
riccardobrasca/math2001,riccardobrasca,math2001,3,0,0.0008650948644855007,333,leanprover/lean4:v4.3.0,https://github.com/riccardobrasca/demontrer2025,373.0
provables/special-numbers,provables,special-numbers,3,0,0.0008650948644855007,338,leanprover/lean4:v4.15.0,https://github.com/provables/special-numbers,373.3333333333333
siddhartha-gadgil/LeanAideTools,siddhartha-gadgil,LeanAideTools,2,2,0.0010121542186061388,261,,https://github.com/siddhartha-gadgil/LeanAideTools,374.3333333333333
1a776/mathmatic_in_elementary_number_th,1a776,mathmatic_in_elementary_number_th,2,0,0.0008650948644855007,185,leanprover/lean4:v4.24.0-rc1,https://github.com/1a776/IMO-,375.0
PatrickMassot/checkdecls,PatrickMassot,checkdecls,2,69,0.005234428762161399,403,leanprover/lean4:v4.18.0,https://github.com/PatrickMassot/checkdecls,375.0
misaka10987/archimedes,misaka10987,archimedes,2,0,0.0008650948644855007,192,leanprover/lean4:v4.25.0-rc2,https://github.com/misaka10987/archimedes,376.0
kckennylau/EllipticCurve,kckennylau,EllipticCurve,2,0,0.0008650948644855007,192,leanprover/lean4:v4.25.0-rc2,https://github.com/kckennylau/EllipticCurve,376.0
lean-phys-community/Notes,lean-phys-community,Notes,3,0,0.0008650948644855007,373,leanprover/lean4:v4.19.0,https://github.com/lean-phys-community/PhysLean_notes,376.3333333333333
CarlKCarlK/RangeSetBlaze,CarlKCarlK,RangeSetBlaze,2,0,0.0008650948644855007,194,leanprover/lean4:v4.24.0-rc1,https://github.com/CarlKCarlK/range-set-blaze-lean,376.6666666666667
LeastAuthority/STIR,LeastAuthority,STIR,3,0,0.0008650948644855007,375,leanprover/lean4:v4.19.0-rc3,https://github.com/LeastAuthority/STIR,377.0
Julian/Generatingfunctionology,Julian,Generatingfunctionology,2,0,0.0008650948644855007,202,leanprover/lean4:v4.14.0-rc2,https://github.com/Julian/generatingfunctionology.lean,377.0
atrieu/cryptolib,atrieu,cryptolib,3,0,0.0008650948644855007,380,leanprover/lean4:v4.17.0-rc1,https://github.com/atrieu/lean-cryptolib,377.3333333333333
JamesGallicchio/lean-openapi,JamesGallicchio,lean-openapi,4,0,0.0008650948644855007,701,leanprover/lean4:v4.5.0-rc1,https://github.com/JamesGallicchio/lean-openapi,378.0
arademaker/delphin,arademaker,delphin,3,0,0.0008650948644855007,408,leanprover/lean4:v4.12.0,https://github.com/arademaker/delphin,379.6666666666667
adamtopaz/lean_extras,adamtopaz,lean_extras,3,0,0.0008650948644855007,454,leanprover/lean4:v4.17.0-rc1,https://github.com/adamtopaz/lean_extras,380.6666666666667
alma-n/Game,alma-n,Game,2,0,0.0008650948644855007,222,leanprover/lean4:v4.7.0,https://github.com/alma-n/ConstructiveLogicCourseGame,381.0
TristanCacqueray/advent-of-lean,TristanCacqueray,advent-of-lean,4,0,0.0008650948644855007,888,leanprover/lean4:v4.3.0,https://github.com/TristanCacqueray/advent-of-lean,381.6666666666667
nomeata/memo-nat,nomeata,memo-nat,3,0,0.0008650948644855007,475,leanprover/lean4:v4.2.0-rc3,https://github.com/nomeata/lean4-memo-nat,381.6666666666667
morganfshirley/CommComp,morganfshirley,CommComp,3,0,0.0008650948644855007,492,leanprover/lean4:v4.12.0-rc1,https://github.com/morganfshirley/CommComp,382.6666666666667
argumentcomputer/OpenSSL.lean,argumentcomputer,OpenSSL.lean,4,0,0.0008650948644855007,1091,leanprover/lean4:nightly-2022-09-11,https://github.com/argumentcomputer/OpenSSL.lean,382.6666666666667
argumentcomputer/Vero,argumentcomputer,Vero,4,0,0.0008650948644855007,1148,leanprover/lean4:nightly-2023-01-10,https://github.com/argumentcomputer/Vero,383.0
hargoniX/crup,hargoniX,crup,3,0,0.0008650948644855007,534,leanprover/lean4:v4.3.0,https://github.com/hargoniX/crup,384.3333333333333
alexjgreig/Quave,alexjgreig,Quave,2,0,0.0008650948644855007,249,leanprover/lean4:v4.16.0-rc2,https://github.com/alexjgreig/QHL-Lean,384.3333333333333
kmill/msri2023_graphs,kmill,msri2023_graphs,3,0,0.0008650948644855007,549,leanprover/lean4:nightly-2023-06-10,https://github.com/kmill/msri2023_graphs,385.0
hanwenzhu/hammer-demo,hanwenzhu,hammer-demo,2,0,0.0008650948644855007,257,leanprover/lean4:v4.22.0,https://github.com/hanwenzhu/hammer-demo-irrational-two,385.0
Koukyosyumei/pol,Koukyosyumei,pol,2,0,0.0008650948644855007,261,leanprover/lean4:v4.22.0-rc3,https://github.com/Koukyosyumei/PoL,385.6666666666667
klavins/LeanBook,klavins,LeanBook,2,0,0.0008650948644855007,266,leanprover/lean4:v4.19.0-rc3,https://github.com/klavins/LeanBook,386.6666666666667
avigad/VerificationDemo,avigad,VerificationDemo,3,0,0.0008650948644855007,587,leanprover/lean4:v4.13.0-rc3,https://github.com/avigad/verification_demo,387.3333333333333
kkytola/ExtremeValueProject,kkytola,ExtremeValueProject,2,0,0.0008650948644855007,272,leanprover/lean4:v4.23.0-rc2,https://github.com/kkytola/ExtremeValueProject,387.6666666666667
fgdorais/lean4-automata,fgdorais,lean4-automata,2,0,0.0008650948644855007,274,leanprover/lean4:v4.23.0-rc1,https://github.com/fgdorais/lean4-automata,388.0
katzenpost/crypt_walker,katzenpost,crypt_walker,3,0,0.0008650948644855007,629,,https://github.com/katzenpost/crypt_walker,389.6666666666667
hhu-adam/webeditor,hhu-adam,webeditor,3,0,0.0008650948644855007,658,leanprover/lean4:nightly,https://github.com/hhu-adam/lean4web-tools,391.3333333333333
somombo/swaps-perm,somombo,swaps-perm,3,0,0.0008650948644855007,716,leanprover/lean4:v4.7.0,https://github.com/somombo/swaps-perm,393.0
optimisticexquisite/lean-rsa-project,optimisticexquisite,lean-rsa-project,3,0,0.0008650948644855007,729,leanprover/lean4:nightly-2023-04-11,https://github.com/optimisticexquisite/lean-rsa-project,394.0
argumentcomputer/Spark.lean,argumentcomputer,Spark.lean,3,0,0.0008650948644855007,802,leanprover/lean4:nightly-2022-05-29,https://github.com/argumentcomputer/Spark.lean,394.6666666666667
ImperialCollegeLondon/LAGinLean,ImperialCollegeLondon,LAGinLean,2,0,0.0008650948644855007,350,leanprover/lean4:v4.7.0,https://github.com/ImperialCollegeLondon/LAGinLean2024,395.3333333333333
SchrodingerZhu/hashbrown4lean,SchrodingerZhu,hashbrown4lean,3,0,0.0008650948644855007,912,,https://github.com/SchrodingerZhu/hashbrown4lean,396.3333333333333
chords-project/itc-course,chords-project,itc-course,2,0,0.0008650948644855007,374,leanprover/lean4:v4.17.0-rc1,https://github.com/chords-project/itc-course,397.3333333333333
niklasmohrin/LeanSeminar,niklasmohrin,LeanSeminar,2,0,0.0008650948644855007,462,leanprover/lean4:v4.7.0,https://github.com/niklasmohrin/lean-seminar-2023,401.6666666666667
ivankobe/FactorizationSystems,ivankobe,FactorizationSystems,2,0,0.0008650948644855007,478,leanprover/lean4:v4.14.0-rc2,https://github.com/ivankobe/FactorizationSystems,402.6666666666667
lean-ja/verso-manual,lean-ja,verso-manual,2,0,0.0008650948644855007,495,leanprover/lean4:v4.15.0-rc1,https://github.com/lean-ja/reference-manual-ja,403.6666666666667
madvorak/thue,madvorak,thue,2,0,0.0008650948644855007,571,leanprover/lean4:nightly-2023-07-12,https://github.com/madvorak/thue,406.6666666666667
fpvandoorn/sard,fpvandoorn,sard,2,0,0.0008650948644855007,584,leanprover/lean4:v4.12.0,https://github.com/fpvandoorn/sard,407.3333333333333
pitmonticone/NewProject,pitmonticone,NewProject,1,0,0.0008650948644855007,254,leanprover/lean4:v4.12.0-rc1,https://github.com/pitmonticone/NewProject,407.3333333333333
AlexBrodbelt/Game,AlexBrodbelt,Game,2,0,0.0008650948644855007,590,leanprover/lean4:v4.6.0,https://github.com/AlexBrodbelt/metric-spaces-and-topology-game,408.6666666666667
jtristan/lffi,jtristan,lffi,2,0,0.0008650948644855007,667,leanprover/lean4:v4.10.0-rc2,https://github.com/jtristan/lffi,412.3333333333333
lindy-labs/WadrayVerification,lindy-labs,WadrayVerification,2,0,0.0008650948644855007,692,leanprover/lean4:v4.9.0-rc2,https://github.com/lindy-labs/wadray_verification,412.6666666666667
Joonas-vonlerber/Game,Joonas-vonlerber,Game,2,0,0.0008650948644855007,722,leanprover/lean4:v4.6.0,https://github.com/Joonas-vonlerber/Type-Theory-Game,414.3333333333333
argumentcomputer/Bellanova.lean,argumentcomputer,Bellanova.lean,2,0,0.0008650948644855007,883,leanprover/lean4:nightly-2023-01-10,https://github.com/argumentcomputer/Bellanova.lean,415.6666666666667
AdrienChampion/loadTerms,AdrienChampion,loadTerms,2,0,0.0008650948644855007,884,leanprover/lean4:stable,https://github.com/AdrienChampion/loadTerms.lean,416.3333333333333
